[$(date +%Y-%m-%dT%H:%M:%S)] nvdisasm-wrapper called with: /tmp/tmp99t1w1mg --binary SM100a
[$(date +%Y-%m-%dT%H:%M:%S)] nvdisasm-wrapper called with: /tmp/tmpa6g0om4r --binary SM100a
[$(date +%Y-%m-%dT%H:%M:%S)] nvdisasm-wrapper called with: /tmp/tmpv34p0_4b --binary SM100a
[$(date +%Y-%m-%dT%H:%M:%S)] nvdisasm-wrapper called with: /tmp/tmpb4r89dpg --binary SM100a
[$(date +%Y-%m-%dT%H:%M:%S)] nvdisasm-wrapper called with: /tmp/tmp74k_j24_ --binary SM100a
[$(date +%Y-%m-%dT%H:%M:%S)] nvdisasm-wrapper called with: /tmp/tmpexmz81cy --binary SM100a
[$(date +%Y-%m-%dT%H:%M:%S)] nvdisasm-wrapper called with: /tmp/tmpbf1l84ay --binary SM100a
[$(date +%Y-%m-%dT%H:%M:%S)] nvdisasm-wrapper called with: /tmp/tmpepfqqop2 --binary SM100a
[$(date +%Y-%m-%dT%H:%M:%S)] nvdisasm-wrapper called with: /tmp/tmp304zxf1k --binary SM100a
[$(date +%Y-%m-%dT%H:%M:%S)] nvdisasm-wrapper called with: /tmp/tmp170sqf_5 --binary SM100a
[$(date +%Y-%m-%dT%H:%M:%S)] nvdisasm-wrapper called with: /tmp/tmpnzz71ku1 --binary SM100a
[$(date +%Y-%m-%dT%H:%M:%S)] nvdisasm-wrapper called with: /tmp/tmppb9ra_wy --binary SM100a
[$(date +%Y-%m-%dT%H:%M:%S)] nvdisasm-wrapper called with: /tmp/tmpdcjzp74a --binary SM100a
[$(date +%Y-%m-%dT%H:%M:%S)] nvdisasm-wrapper called with: /tmp/tmpk8_ilap3 --binary SM100a
[$(date +%Y-%m-%dT%H:%M:%S)] nvdisasm-wrapper called with: /tmp/tmpfxjnzj1n --binary SM100a
[$(date +%Y-%m-%dT%H:%M:%S)] nvdisasm-wrapper called with: /tmp/tmpmy020482 --binary SM100a
[$(date +%Y-%m-%dT%H:%M:%S)] nvdisasm-wrapper called with: /tmp/tmp8w0ssfsm --binary SM100a
[$(date +%Y-%m-%dT%H:%M:%S)] nvdisasm-wrapper called with: /tmp/tmpamo8utml --binary SM100a
[$(date +%Y-%m-%dT%H:%M:%S)] nvdisasm-wrapper called with: /tmp/tmp5voa4jd9 --binary SM100a
[$(date +%Y-%m-%dT%H:%M:%S)] nvdisasm-wrapper called with: /tmp/tmp8a6wkjfz --binary SM100a
[$(date +%Y-%m-%dT%H:%M:%S)] nvdisasm-wrapper called with: /tmp/tmpkzq7h15w --binary SM100a
[$(date +%Y-%m-%dT%H:%M:%S)] nvdisasm-wrapper called with: /tmp/tmpoq_h1bbk --binary SM100a
[$(date +%Y-%m-%dT%H:%M:%S)] nvdisasm-wrapper called with: /tmp/tmpzc13obly --binary SM100a
[$(date +%Y-%m-%dT%H:%M:%S)] nvdisasm-wrapper called with: /tmp/tmp1ms9qp5b --binary SM100a
[$(date +%Y-%m-%dT%H:%M:%S)] nvdisasm-wrapper called with: /tmp/tmp810m4j09 --binary SM100a
[$(date +%Y-%m-%dT%H:%M:%S)] nvdisasm-wrapper called with: /tmp/tmprdc51x3z --binary SM100a
[$(date +%Y-%m-%dT%H:%M:%S)] nvdisasm-wrapper called with: /tmp/tmptfgic4yp --binary SM100a
[$(date +%Y-%m-%dT%H:%M:%S)] nvdisasm-wrapper called with: /tmp/tmpjbxu05dn --binary SM100a
[$(date +%Y-%m-%dT%H:%M:%S)] nvdisasm-wrapper called with: /tmp/tmpd3jejx7c --binary SM100a
[$(date +%Y-%m-%dT%H:%M:%S)] nvdisasm-wrapper called with: /tmp/tmpcxn76raw --binary SM100a
[$(date +%Y-%m-%dT%H:%M:%S)] nvdisasm-wrapper called with: /tmp/tmptzjxfnbm --binary SM100a
[$(date +%Y-%m-%dT%H:%M:%S)] nvdisasm-wrapper called with: /tmp/tmp5d2ymqtt --binary SM100a
[$(date +%Y-%m-%dT%H:%M:%S)] nvdisasm-wrapper called with: /tmp/tmp_9b6h2zi --binary SM100a
[$(date +%Y-%m-%dT%H:%M:%S)] nvdisasm-wrapper called with: /tmp/tmpvoocp4ne --binary SM100a
[$(date +%Y-%m-%dT%H:%M:%S)] nvdisasm-wrapper called with: /tmp/tmpol4lbhjp --binary SM100a
[$(date +%Y-%m-%dT%H:%M:%S)] nvdisasm-wrapper called with: /tmp/tmp5k_dtg7s --binary SM100a
[$(date +%Y-%m-%dT%H:%M:%S)] nvdisasm-wrapper called with: /tmp/tmp035etqeo --binary SM100a
[$(date +%Y-%m-%dT%H:%M:%S)] nvdisasm-wrapper called with: /tmp/tmp3rebrcbr --binary SM100a
[$(date +%Y-%m-%dT%H:%M:%S)] nvdisasm-wrapper called with: /tmp/tmpeonc6k6k --binary SM100a
[$(date +%Y-%m-%dT%H:%M:%S)] nvdisasm-wrapper called with: /tmp/tmpq4k372ep --binary SM100a
[$(date +%Y-%m-%dT%H:%M:%S)] nvdisasm-wrapper called with: /tmp/tmp1elcdlie --binary SM100a
[$(date +%Y-%m-%dT%H:%M:%S)] nvdisasm-wrapper called with: /tmp/tmp3jtbh2q2 --binary SM100a
[$(date +%Y-%m-%dT%H:%M:%S)] nvdisasm-wrapper called with: /tmp/tmpeyb7bgn4 --binary SM100a
[$(date +%Y-%m-%dT%H:%M:%S)] nvdisasm-wrapper called with: /tmp/tmp98jqm746 --binary SM100a
[$(date +%Y-%m-%dT%H:%M:%S)] nvdisasm-wrapper called with: /tmp/tmpla37_42p --binary SM100a
[$(date +%Y-%m-%dT%H:%M:%S)] nvdisasm-wrapper called with: /tmp/tmpstzyzklg --binary SM100a
[$(date +%Y-%m-%dT%H:%M:%S)] nvdisasm-wrapper called with: /tmp/tmp9ybmym63 --binary SM100a
[$(date +%Y-%m-%dT%H:%M:%S)] nvdisasm-wrapper called with: /tmp/tmp7pvel_i1 --binary SM100a
[$(date +%Y-%m-%dT%H:%M:%S)] nvdisasm-wrapper called with: /tmp/tmpmu0_18uv --binary SM100a
[$(date +%Y-%m-%dT%H:%M:%S)] nvdisasm-wrapper called with: /tmp/tmp2r6e3g10 --binary SM100a
[$(date +%Y-%m-%dT%H:%M:%S)] nvdisasm-wrapper called with: /tmp/tmp6ox83r0a --binary SM100a
[$(date +%Y-%m-%dT%H:%M:%S)] nvdisasm-wrapper called with: /tmp/tmpig7v7jny --binary SM100a
[$(date +%Y-%m-%dT%H:%M:%S)] nvdisasm-wrapper called with: /tmp/tmpig_sqkpd --binary SM100a
[$(date +%Y-%m-%dT%H:%M:%S)] nvdisasm-wrapper called with: /tmp/tmpbdpxjq8q --binary SM100a
[$(date +%Y-%m-%dT%H:%M:%S)] nvdisasm-wrapper called with: /tmp/tmp7fdrhs0j --binary SM100a
[$(date +%Y-%m-%dT%H:%M:%S)] nvdisasm-wrapper called with: /tmp/tmp7idec92n --binary SM100a
[$(date +%Y-%m-%dT%H:%M:%S)] nvdisasm-wrapper called with: /tmp/tmphs57g3y7 --binary SM100a
[$(date +%Y-%m-%dT%H:%M:%S)] nvdisasm-wrapper called with: /tmp/tmpammhn3co --binary SM100a
[$(date +%Y-%m-%dT%H:%M:%S)] nvdisasm-wrapper called with: /tmp/tmpt2i4fjw4 --binary SM100a
[$(date +%Y-%m-%dT%H:%M:%S)] nvdisasm-wrapper called with: /tmp/tmpuqz77y7k --binary SM100a
[$(date +%Y-%m-%dT%H:%M:%S)] nvdisasm-wrapper called with: /tmp/tmpjw2wfzwj --binary SM100a
[$(date +%Y-%m-%dT%H:%M:%S)] nvdisasm-wrapper called with: /tmp/tmpdu_282ge --binary SM100a
[$(date +%Y-%m-%dT%H:%M:%S)] nvdisasm-wrapper called with: /tmp/tmpdy19u6uo --binary SM100a
[$(date +%Y-%m-%dT%H:%M:%S)] nvdisasm-wrapper called with: /tmp/tmp9l_o14kg --binary SM100a
[$(date +%Y-%m-%dT%H:%M:%S)] nvdisasm-wrapper called with: /tmp/tmphb5clmeu --binary SM100a
[$(date +%Y-%m-%dT%H:%M:%S)] nvdisasm-wrapper called with: /tmp/tmpmlv_nz1y --binary SM100a
[$(date +%Y-%m-%dT%H:%M:%S)] nvdisasm-wrapper called with: /tmp/tmpd0egl175 --binary SM100a
[$(date +%Y-%m-%dT%H:%M:%S)] nvdisasm-wrapper called with: /tmp/tmpyq54gxkz --binary SM100a
[$(date +%Y-%m-%dT%H:%M:%S)] nvdisasm-wrapper called with: /tmp/tmpl1nun8gv --binary SM100a
[$(date +%Y-%m-%dT%H:%M:%S)] nvdisasm-wrapper called with: /tmp/tmpuu_rhoi4 --binary SM100a
[$(date +%Y-%m-%dT%H:%M:%S)] nvdisasm-wrapper called with: /tmp/tmpc_fiuckw --binary SM100a
[$(date +%Y-%m-%dT%H:%M:%S)] nvdisasm-wrapper called with: /tmp/tmprgxm9_tc --binary SM100a
[$(date +%Y-%m-%dT%H:%M:%S)] nvdisasm-wrapper called with: /tmp/tmph45unr9z --binary SM100a
[$(date +%Y-%m-%dT%H:%M:%S)] nvdisasm-wrapper called with: /tmp/tmp8_t3_cf4 --binary SM100a
[$(date +%Y-%m-%dT%H:%M:%S)] nvdisasm-wrapper called with: /tmp/tmpgsll9wqj --binary SM100a
[$(date +%Y-%m-%dT%H:%M:%S)] nvdisasm-wrapper called with: /tmp/tmpg3dk_a_1 --binary SM100a
[$(date +%Y-%m-%dT%H:%M:%S)] nvdisasm-wrapper called with: /tmp/tmpka5j8x66 --binary SM100a
[$(date +%Y-%m-%dT%H:%M:%S)] nvdisasm-wrapper called with: /tmp/tmp7fp73tve --binary SM100a
[$(date +%Y-%m-%dT%H:%M:%S)] nvdisasm-wrapper called with: /tmp/tmpsg6hbljp --binary SM100a
[$(date +%Y-%m-%dT%H:%M:%S)] nvdisasm-wrapper called with: /tmp/tmp512ufxhq --binary SM100a
[$(date +%Y-%m-%dT%H:%M:%S)] nvdisasm-wrapper called with: /tmp/tmp846afb03 --binary SM100a
[$(date +%Y-%m-%dT%H:%M:%S)] nvdisasm-wrapper called with: /tmp/tmpvbburv67 --binary SM100a
[$(date +%Y-%m-%dT%H:%M:%S)] nvdisasm-wrapper called with: /tmp/tmpqyvlz28t --binary SM100a
[$(date +%Y-%m-%dT%H:%M:%S)] nvdisasm-wrapper called with: /tmp/tmp0iwntqxl --binary SM100a
[$(date +%Y-%m-%dT%H:%M:%S)] nvdisasm-wrapper called with: /tmp/tmp9bdeb5d5 --binary SM100a
[$(date +%Y-%m-%dT%H:%M:%S)] nvdisasm-wrapper called with: /tmp/tmpt9be91e9 --binary SM100a
[$(date +%Y-%m-%dT%H:%M:%S)] nvdisasm-wrapper called with: /tmp/tmp67palclg --binary SM100a
[$(date +%Y-%m-%dT%H:%M:%S)] nvdisasm-wrapper called with: /tmp/tmpff8_zux8 --binary SM100a
[$(date +%Y-%m-%dT%H:%M:%S)] nvdisasm-wrapper called with: /tmp/tmp9sh40eg8 --binary SM100a
[$(date +%Y-%m-%dT%H:%M:%S)] nvdisasm-wrapper called with: /tmp/tmp12e4nou4 --binary SM100a
[$(date +%Y-%m-%dT%H:%M:%S)] nvdisasm-wrapper called with: /tmp/tmpcpfarb62 --binary SM100a
[$(date +%Y-%m-%dT%H:%M:%S)] nvdisasm-wrapper called with: /tmp/tmp3t99x6jv --binary SM100a
[$(date +%Y-%m-%dT%H:%M:%S)] nvdisasm-wrapper called with: /tmp/tmpmbxql2dn --binary SM100a
[$(date +%Y-%m-%dT%H:%M:%S)] nvdisasm-wrapper called with: /tmp/tmp2panh_31 --binary SM100a
[$(date +%Y-%m-%dT%H:%M:%S)] nvdisasm-wrapper called with: /tmp/tmpf43k16l4 --binary SM100a
[$(date +%Y-%m-%dT%H:%M:%S)] nvdisasm-wrapper called with: /tmp/tmpukeczfmd --binary SM100a
[$(date +%Y-%m-%dT%H:%M:%S)] nvdisasm-wrapper called with: /tmp/tmpb4qr0fl6 --binary SM100a
[$(date +%Y-%m-%dT%H:%M:%S)] nvdisasm-wrapper called with: /tmp/tmptpgsljlq --binary SM100a
[$(date +%Y-%m-%dT%H:%M:%S)] nvdisasm-wrapper called with: /tmp/tmphvai6hgj --binary SM100a
[$(date +%Y-%m-%dT%H:%M:%S)] nvdisasm-wrapper called with: /tmp/tmpi934xldb --binary SM100a
[$(date +%Y-%m-%dT%H:%M:%S)] nvdisasm-wrapper called with: /tmp/tmpb9bfo6hq --binary SM100a
[$(date +%Y-%m-%dT%H:%M:%S)] nvdisasm-wrapper called with: /tmp/tmp3nctjj5s --binary SM100a
[$(date +%Y-%m-%dT%H:%M:%S)] nvdisasm-wrapper called with: /tmp/tmp98uzamff --binary SM100a
[$(date +%Y-%m-%dT%H:%M:%S)] nvdisasm-wrapper called with: /tmp/tmpwuz3wdgs --binary SM100a
[$(date +%Y-%m-%dT%H:%M:%S)] nvdisasm-wrapper called with: /tmp/tmpmk73iz3u --binary SM100a
[$(date +%Y-%m-%dT%H:%M:%S)] nvdisasm-wrapper called with: /tmp/tmpnui0zjfj --binary SM100a
[$(date +%Y-%m-%dT%H:%M:%S)] nvdisasm-wrapper called with: /tmp/tmpkhulbd04 --binary SM100a
[$(date +%Y-%m-%dT%H:%M:%S)] nvdisasm-wrapper called with: /tmp/tmp3pqw_651 --binary SM100a
[$(date +%Y-%m-%dT%H:%M:%S)] nvdisasm-wrapper called with: /tmp/tmpjkpix19i --binary SM100a
[$(date +%Y-%m-%dT%H:%M:%S)] nvdisasm-wrapper called with: /tmp/tmprt76y1je --binary SM100a
[$(date +%Y-%m-%dT%H:%M:%S)] nvdisasm-wrapper called with: /tmp/tmp5ci6ygj7 --binary SM100a
[$(date +%Y-%m-%dT%H:%M:%S)] nvdisasm-wrapper called with: /tmp/tmp_zwuuoiq --binary SM100a
[$(date +%Y-%m-%dT%H:%M:%S)] nvdisasm-wrapper called with: /tmp/tmpqt1n8cdw --binary SM100a
[$(date +%Y-%m-%dT%H:%M:%S)] nvdisasm-wrapper called with: /tmp/tmprhpmlr9x --binary SM100a
[$(date +%Y-%m-%dT%H:%M:%S)] nvdisasm-wrapper called with: /tmp/tmprs11p1a7 --binary SM100a
[$(date +%Y-%m-%dT%H:%M:%S)] nvdisasm-wrapper called with: /tmp/tmpnemx24f3 --binary SM100a
[$(date +%Y-%m-%dT%H:%M:%S)] nvdisasm-wrapper called with: /tmp/tmpazhvyp9i --binary SM100a
[$(date +%Y-%m-%dT%H:%M:%S)] nvdisasm-wrapper called with: /tmp/tmpy4kq_tis --binary SM100a
[$(date +%Y-%m-%dT%H:%M:%S)] nvdisasm-wrapper called with: /tmp/tmp31cge3tp --binary SM100a
[$(date +%Y-%m-%dT%H:%M:%S)] nvdisasm-wrapper called with: /tmp/tmpl0yiejb7 --binary SM100a
[$(date +%Y-%m-%dT%H:%M:%S)] nvdisasm-wrapper called with: /tmp/tmpidp1t7k3 --binary SM100a
[$(date +%Y-%m-%dT%H:%M:%S)] nvdisasm-wrapper called with: /tmp/tmpmc177ala --binary SM100a
[$(date +%Y-%m-%dT%H:%M:%S)] nvdisasm-wrapper called with: /tmp/tmp2llknbtf --binary SM100a
[$(date +%Y-%m-%dT%H:%M:%S)] nvdisasm-wrapper called with: /tmp/tmpvwzrp1zb --binary SM100a
[$(date +%Y-%m-%dT%H:%M:%S)] nvdisasm-wrapper called with: /tmp/tmpp0105x96 --binary SM100a
[$(date +%Y-%m-%dT%H:%M:%S)] nvdisasm-wrapper called with: /tmp/tmp2179w9ir --binary SM100a
[$(date +%Y-%m-%dT%H:%M:%S)] nvdisasm-wrapper called with: /tmp/tmp6k8844eo --binary SM100a
[$(date +%Y-%m-%dT%H:%M:%S)] nvdisasm-wrapper called with: /tmp/tmp6bn6jsoi --binary SM100a
[$(date +%Y-%m-%dT%H:%M:%S)] nvdisasm-wrapper called with: /tmp/tmpao8328fx --binary SM100a
[$(date +%Y-%m-%dT%H:%M:%S)] nvdisasm-wrapper called with: /tmp/tmpvl1ef47q --binary SM100a
[$(date +%Y-%m-%dT%H:%M:%S)] nvdisasm-wrapper called with: /tmp/tmpr_279v3c --binary SM100a
[$(date +%Y-%m-%dT%H:%M:%S)] nvdisasm-wrapper called with: /tmp/tmp9e7zz4jn --binary SM100a
[$(date +%Y-%m-%dT%H:%M:%S)] nvdisasm-wrapper called with: /tmp/tmp9a79d4vv --binary SM100a
[$(date +%Y-%m-%dT%H:%M:%S)] nvdisasm-wrapper called with: /tmp/tmpuwfgz6t1 --binary SM100a
[$(date +%Y-%m-%dT%H:%M:%S)] nvdisasm-wrapper called with: /tmp/tmpk4xadr54 --print-life-ranges
[$(date +%Y-%m-%dT%H:%M:%S)] nvdisasm-wrapper called with: /tmp/tmp94jiirdb --binary SM100a
[$(date +%Y-%m-%dT%H:%M:%S)] nvdisasm-wrapper called with: /tmp/tmpanhe5q79 --binary SM100a
[$(date +%Y-%m-%dT%H:%M:%S)] nvdisasm-wrapper called with: /tmp/tmpz5m3u5z1 --binary SM100a
[$(date +%Y-%m-%dT%H:%M:%S)] nvdisasm-wrapper called with: /tmp/tmp1kf3mqpc --binary SM100a
[$(date +%Y-%m-%dT%H:%M:%S)] nvdisasm-wrapper called with: /tmp/tmph30c3sad --binary SM100a
[$(date +%Y-%m-%dT%H:%M:%S)] nvdisasm-wrapper called with: /tmp/tmpbhgagp4p --binary SM100a
[$(date +%Y-%m-%dT%H:%M:%S)] nvdisasm-wrapper called with: /tmp/tmpr60h9aw0 --binary SM100a
[$(date +%Y-%m-%dT%H:%M:%S)] nvdisasm-wrapper called with: /tmp/tmp71yh5jbp --binary SM100a
[$(date +%Y-%m-%dT%H:%M:%S)] nvdisasm-wrapper called with: /tmp/tmp_ghkvzdb --binary SM100a
[$(date +%Y-%m-%dT%H:%M:%S)] nvdisasm-wrapper called with: /tmp/tmp90yboyid --binary SM100a
[$(date +%Y-%m-%dT%H:%M:%S)] nvdisasm-wrapper called with: /tmp/tmphx8dagzl --binary SM100a
[$(date +%Y-%m-%dT%H:%M:%S)] nvdisasm-wrapper called with: /tmp/tmpz0yt2axe --binary SM100a
[$(date +%Y-%m-%dT%H:%M:%S)] nvdisasm-wrapper called with: /tmp/tmpw465ycie --binary SM100a
[$(date +%Y-%m-%dT%H:%M:%S)] nvdisasm-wrapper called with: /tmp/tmp5_ymf5co --binary SM100a
[$(date +%Y-%m-%dT%H:%M:%S)] nvdisasm-wrapper called with: /tmp/tmpqs36_jvw --binary SM100a
[$(date +%Y-%m-%dT%H:%M:%S)] nvdisasm-wrapper called with: /tmp/tmpeg1r_4kq --binary SM100a
[$(date +%Y-%m-%dT%H:%M:%S)] nvdisasm-wrapper called with: /tmp/tmprgdvk8sv --binary SM100a
[$(date +%Y-%m-%dT%H:%M:%S)] nvdisasm-wrapper called with: /tmp/tmpisvy8mbl --binary SM100a
[$(date +%Y-%m-%dT%H:%M:%S)] nvdisasm-wrapper called with: /tmp/tmpt7p881vo --binary SM100a
[$(date +%Y-%m-%dT%H:%M:%S)] nvdisasm-wrapper called with: /tmp/tmptg2csc37 --binary SM100a
[$(date +%Y-%m-%dT%H:%M:%S)] nvdisasm-wrapper called with: /tmp/tmpcnnrcsjg --binary SM100a
[$(date +%Y-%m-%dT%H:%M:%S)] nvdisasm-wrapper called with: /tmp/tmphwhze46z --binary SM100a
[$(date +%Y-%m-%dT%H:%M:%S)] nvdisasm-wrapper called with: /tmp/tmpur9oo7py --binary SM100a
[$(date +%Y-%m-%dT%H:%M:%S)] nvdisasm-wrapper called with: /tmp/tmpw5z5t3vc --binary SM100a
[$(date +%Y-%m-%dT%H:%M:%S)] nvdisasm-wrapper called with: /tmp/tmp0a86ixu3 --binary SM100a
[$(date +%Y-%m-%dT%H:%M:%S)] nvdisasm-wrapper called with: /tmp/tmp8sguxu8m --binary SM100a
[$(date +%Y-%m-%dT%H:%M:%S)] nvdisasm-wrapper called with: /tmp/tmpf42w8r7o --binary SM100a
[$(date +%Y-%m-%dT%H:%M:%S)] nvdisasm-wrapper called with: /tmp/tmpa8h39_hd --binary SM100a
[$(date +%Y-%m-%dT%H:%M:%S)] nvdisasm-wrapper called with: /tmp/tmpin3onekw --binary SM100a
[$(date +%Y-%m-%dT%H:%M:%S)] nvdisasm-wrapper called with: /tmp/tmpmmd8a6ym --binary SM100a
[$(date +%Y-%m-%dT%H:%M:%S)] nvdisasm-wrapper called with: /tmp/tmp_u_ltul3 --binary SM100a
[$(date +%Y-%m-%dT%H:%M:%S)] nvdisasm-wrapper called with: /tmp/tmp3efztnet --binary SM100a
[$(date +%Y-%m-%dT%H:%M:%S)] nvdisasm-wrapper called with: /tmp/tmpsl0up9_4 --binary SM100a
[$(date +%Y-%m-%dT%H:%M:%S)] nvdisasm-wrapper called with: /tmp/tmpkutc_9r7 --binary SM100a
[$(date +%Y-%m-%dT%H:%M:%S)] nvdisasm-wrapper called with: /tmp/tmpdxklzroa --binary SM100a
[$(date +%Y-%m-%dT%H:%M:%S)] nvdisasm-wrapper called with: /tmp/tmp_2hhlysv --binary SM100a
[$(date +%Y-%m-%dT%H:%M:%S)] nvdisasm-wrapper called with: /tmp/tmp352m20g7 --binary SM100a
[$(date +%Y-%m-%dT%H:%M:%S)] nvdisasm-wrapper called with: /tmp/tmpk3yg0b2x --binary SM100a
[$(date +%Y-%m-%dT%H:%M:%S)] nvdisasm-wrapper called with: /tmp/tmpzxq1bn1t --binary SM100a
[$(date +%Y-%m-%dT%H:%M:%S)] nvdisasm-wrapper called with: /tmp/tmpmrieuzqp --binary SM100a
[$(date +%Y-%m-%dT%H:%M:%S)] nvdisasm-wrapper called with: /tmp/tmp6n3hamwi --binary SM100a
[$(date +%Y-%m-%dT%H:%M:%S)] nvdisasm-wrapper called with: /tmp/tmpaylovd40 --binary SM100a
[$(date +%Y-%m-%dT%H:%M:%S)] nvdisasm-wrapper called with: /tmp/tmpa2vcpamr --binary SM100a
[$(date +%Y-%m-%dT%H:%M:%S)] nvdisasm-wrapper called with: /tmp/tmpnyjzecc6 --binary SM100a
[$(date +%Y-%m-%dT%H:%M:%S)] nvdisasm-wrapper called with: /tmp/tmp3aokxbel --binary SM100a
[$(date +%Y-%m-%dT%H:%M:%S)] nvdisasm-wrapper called with: /tmp/tmpogx5vnif --binary SM100a
[$(date +%Y-%m-%dT%H:%M:%S)] nvdisasm-wrapper called with: /tmp/tmpckdh8bb3 --binary SM100a
[$(date +%Y-%m-%dT%H:%M:%S)] nvdisasm-wrapper called with: /tmp/tmprwsxwfjk --binary SM100a
[$(date +%Y-%m-%dT%H:%M:%S)] nvdisasm-wrapper called with: /tmp/tmphgn_hoj9 --binary SM100a
[$(date +%Y-%m-%dT%H:%M:%S)] nvdisasm-wrapper called with: /tmp/tmpf0b6gwn9 --binary SM100a
[$(date +%Y-%m-%dT%H:%M:%S)] nvdisasm-wrapper called with: /tmp/tmpxs91mrqc --binary SM100a
[$(date +%Y-%m-%dT%H:%M:%S)] nvdisasm-wrapper called with: /tmp/tmpjjoozkk7 --binary SM100a
[$(date +%Y-%m-%dT%H:%M:%S)] nvdisasm-wrapper called with: /tmp/tmpbpg59f4x --binary SM100a
[$(date +%Y-%m-%dT%H:%M:%S)] nvdisasm-wrapper called with: /tmp/tmp1re1vbmq --binary SM100a
[$(date +%Y-%m-%dT%H:%M:%S)] nvdisasm-wrapper called with: /tmp/tmpeg9agh_a --binary SM100a
[$(date +%Y-%m-%dT%H:%M:%S)] nvdisasm-wrapper called with: /tmp/tmplv_t41j1 --binary SM100a
[$(date +%Y-%m-%dT%H:%M:%S)] nvdisasm-wrapper called with: /tmp/tmp0kdlah7x --binary SM100a
[$(date +%Y-%m-%dT%H:%M:%S)] nvdisasm-wrapper called with: /tmp/tmp_2vkgis2 --binary SM100a
[$(date +%Y-%m-%dT%H:%M:%S)] nvdisasm-wrapper called with: /tmp/tmp_ap4v8hm --binary SM100a
[$(date +%Y-%m-%dT%H:%M:%S)] nvdisasm-wrapper called with: /tmp/tmpusvod9id --binary SM100a
[$(date +%Y-%m-%dT%H:%M:%S)] nvdisasm-wrapper called with: /tmp/tmpvymjo3pu --binary SM100a
[$(date +%Y-%m-%dT%H:%M:%S)] nvdisasm-wrapper called with: /tmp/tmps774wtix --binary SM100a
[$(date +%Y-%m-%dT%H:%M:%S)] nvdisasm-wrapper called with: /tmp/tmp2a30t6j5 --binary SM100a
[$(date +%Y-%m-%dT%H:%M:%S)] nvdisasm-wrapper called with: /tmp/tmpohnchxcv --binary SM100a
[$(date +%Y-%m-%dT%H:%M:%S)] nvdisasm-wrapper called with: /tmp/tmp8gd9177d --binary SM100a
[$(date +%Y-%m-%dT%H:%M:%S)] nvdisasm-wrapper called with: /tmp/tmpfin3zt7g --binary SM100a
[$(date +%Y-%m-%dT%H:%M:%S)] nvdisasm-wrapper called with: /tmp/tmp2jolbvpo --binary SM100a
[$(date +%Y-%m-%dT%H:%M:%S)] nvdisasm-wrapper called with: /tmp/tmphw_gmoew --binary SM100a
[$(date +%Y-%m-%dT%H:%M:%S)] nvdisasm-wrapper called with: /tmp/tmpsjiyobl8 --binary SM100a
[$(date +%Y-%m-%dT%H:%M:%S)] nvdisasm-wrapper called with: /tmp/tmpp3jgtjow --binary SM100a
[$(date +%Y-%m-%dT%H:%M:%S)] nvdisasm-wrapper called with: /tmp/tmpf01lavv2 --binary SM100a
[$(date +%Y-%m-%dT%H:%M:%S)] nvdisasm-wrapper called with: /tmp/tmpvth4odux --binary SM100a
[$(date +%Y-%m-%dT%H:%M:%S)] nvdisasm-wrapper called with: /tmp/tmpid12nvl1 --binary SM100a
[$(date +%Y-%m-%dT%H:%M:%S)] nvdisasm-wrapper called with: /tmp/tmppekijxeb --binary SM100a
[$(date +%Y-%m-%dT%H:%M:%S)] nvdisasm-wrapper called with: /tmp/tmpw_5axo6n --binary SM100a
[$(date +%Y-%m-%dT%H:%M:%S)] nvdisasm-wrapper called with: /tmp/tmpdzt52ss1 --binary SM100a
[$(date +%Y-%m-%dT%H:%M:%S)] nvdisasm-wrapper called with: /tmp/tmp00j6f7wv --binary SM100a
[$(date +%Y-%m-%dT%H:%M:%S)] nvdisasm-wrapper called with: /tmp/tmpg0pple4c --binary SM100a
[$(date +%Y-%m-%dT%H:%M:%S)] nvdisasm-wrapper called with: /tmp/tmpzjx_95s5 --binary SM100a
[$(date +%Y-%m-%dT%H:%M:%S)] nvdisasm-wrapper called with: /tmp/tmp24cwbrtp --binary SM100a
[$(date +%Y-%m-%dT%H:%M:%S)] nvdisasm-wrapper called with: /tmp/tmpquqsx_nd --binary SM100a
[$(date +%Y-%m-%dT%H:%M:%S)] nvdisasm-wrapper called with: /tmp/tmpe5qcrpug --binary SM100a
[$(date +%Y-%m-%dT%H:%M:%S)] nvdisasm-wrapper called with: /tmp/tmpu4so89tv --binary SM100a
[$(date +%Y-%m-%dT%H:%M:%S)] nvdisasm-wrapper called with: /tmp/tmpxbc3uqci --binary SM100a
[$(date +%Y-%m-%dT%H:%M:%S)] nvdisasm-wrapper called with: /tmp/tmp37qzlj2e --binary SM100a
[$(date +%Y-%m-%dT%H:%M:%S)] nvdisasm-wrapper called with: /tmp/tmp02dcrz4_ --binary SM100a
[$(date +%Y-%m-%dT%H:%M:%S)] nvdisasm-wrapper called with: /tmp/tmpfx5mc_sf --binary SM100a
[$(date +%Y-%m-%dT%H:%M:%S)] nvdisasm-wrapper called with: /tmp/tmpnutrzfhk --binary SM100a
[$(date +%Y-%m-%dT%H:%M:%S)] nvdisasm-wrapper called with: /tmp/tmpulusuru2 --binary SM100a
[$(date +%Y-%m-%dT%H:%M:%S)] nvdisasm-wrapper called with: /tmp/tmpby0__ewi --binary SM100a
[$(date +%Y-%m-%dT%H:%M:%S)] nvdisasm-wrapper called with: /tmp/tmp4i_5m_vt --binary SM100a
[$(date +%Y-%m-%dT%H:%M:%S)] nvdisasm-wrapper called with: /tmp/tmpblkzs58n --binary SM100a
[$(date +%Y-%m-%dT%H:%M:%S)] nvdisasm-wrapper called with: /tmp/tmpyo8jvad2 --binary SM100a
[$(date +%Y-%m-%dT%H:%M:%S)] nvdisasm-wrapper called with: /tmp/tmp9i9ou_vy --binary SM100a
[$(date +%Y-%m-%dT%H:%M:%S)] nvdisasm-wrapper called with: /tmp/tmp434_vxuq --binary SM100a
[$(date +%Y-%m-%dT%H:%M:%S)] nvdisasm-wrapper called with: /tmp/tmpc_ybgxc9 --binary SM100a
[$(date +%Y-%m-%dT%H:%M:%S)] nvdisasm-wrapper called with: /tmp/tmpqcdr_egr --binary SM100a
[$(date +%Y-%m-%dT%H:%M:%S)] nvdisasm-wrapper called with: /tmp/tmpvjlysj5n --binary SM100a
[$(date +%Y-%m-%dT%H:%M:%S)] nvdisasm-wrapper called with: /tmp/tmpjyiao7wd --binary SM100a
[$(date +%Y-%m-%dT%H:%M:%S)] nvdisasm-wrapper called with: /tmp/tmp4dc_v6r8 --binary SM100a
[$(date +%Y-%m-%dT%H:%M:%S)] nvdisasm-wrapper called with: /tmp/tmpb14rj8hp --binary SM100a
[$(date +%Y-%m-%dT%H:%M:%S)] nvdisasm-wrapper called with: /tmp/tmpdopt1e5j --binary SM100a
[$(date +%Y-%m-%dT%H:%M:%S)] nvdisasm-wrapper called with: /tmp/tmpzcckil2k --binary SM100a
[$(date +%Y-%m-%dT%H:%M:%S)] nvdisasm-wrapper called with: /tmp/tmpy6kk9ks3 --binary SM100a
[$(date +%Y-%m-%dT%H:%M:%S)] nvdisasm-wrapper called with: /tmp/tmpsdso8bpj --binary SM100a
[$(date +%Y-%m-%dT%H:%M:%S)] nvdisasm-wrapper called with: /tmp/tmpqr01stms --binary SM100a
[$(date +%Y-%m-%dT%H:%M:%S)] nvdisasm-wrapper called with: /tmp/tmpu2wcfjvj --binary SM100a
[$(date +%Y-%m-%dT%H:%M:%S)] nvdisasm-wrapper called with: /tmp/tmpdrsjqtxb --binary SM100a
[$(date +%Y-%m-%dT%H:%M:%S)] nvdisasm-wrapper called with: /tmp/tmpltcjwhmh --binary SM100a
[$(date +%Y-%m-%dT%H:%M:%S)] nvdisasm-wrapper called with: /tmp/tmp0syzqs9x --binary SM100a
[$(date +%Y-%m-%dT%H:%M:%S)] nvdisasm-wrapper called with: /tmp/tmpzt8bcvn_ --binary SM100a
[$(date +%Y-%m-%dT%H:%M:%S)] nvdisasm-wrapper called with: /tmp/tmphau6k6je --binary SM100a
[$(date +%Y-%m-%dT%H:%M:%S)] nvdisasm-wrapper called with: /tmp/tmpiofscvnj --binary SM100a
[$(date +%Y-%m-%dT%H:%M:%S)] nvdisasm-wrapper called with: /tmp/tmp0msg25og --binary SM100a
[$(date +%Y-%m-%dT%H:%M:%S)] nvdisasm-wrapper called with: /tmp/tmpj51or6w9 --binary SM100a
[$(date +%Y-%m-%dT%H:%M:%S)] nvdisasm-wrapper called with: /tmp/tmp0as_vw2r --binary SM100a
[$(date +%Y-%m-%dT%H:%M:%S)] nvdisasm-wrapper called with: /tmp/tmpb42x76x8 --binary SM100a
[$(date +%Y-%m-%dT%H:%M:%S)] nvdisasm-wrapper called with: /tmp/tmpof28sqie --binary SM100a
[$(date +%Y-%m-%dT%H:%M:%S)] nvdisasm-wrapper called with: /tmp/tmp4e724888 --binary SM100a
[$(date +%Y-%m-%dT%H:%M:%S)] nvdisasm-wrapper called with: /tmp/tmpz3d7awuq --binary SM100a
[$(date +%Y-%m-%dT%H:%M:%S)] nvdisasm-wrapper called with: /tmp/tmp7k95qy26 --binary SM100a
[$(date +%Y-%m-%dT%H:%M:%S)] nvdisasm-wrapper called with: /tmp/tmp4qo8zfup --binary SM100a
[$(date +%Y-%m-%dT%H:%M:%S)] nvdisasm-wrapper called with: /tmp/tmpsb_dbkc2 --binary SM100a
[$(date +%Y-%m-%dT%H:%M:%S)] nvdisasm-wrapper called with: /tmp/tmpf8s9cldt --binary SM100a
[$(date +%Y-%m-%dT%H:%M:%S)] nvdisasm-wrapper called with: /tmp/tmpfow7jvd9 --binary SM100a
[$(date +%Y-%m-%dT%H:%M:%S)] nvdisasm-wrapper called with: /tmp/tmph0pxp21j --binary SM100a
[$(date +%Y-%m-%dT%H:%M:%S)] nvdisasm-wrapper called with: /tmp/tmpy0icyz5_ --binary SM100a
[$(date +%Y-%m-%dT%H:%M:%S)] nvdisasm-wrapper called with: /tmp/tmp5_58b6xw --binary SM100a
[$(date +%Y-%m-%dT%H:%M:%S)] nvdisasm-wrapper called with: /tmp/tmpmtow48o0 --binary SM100a
[$(date +%Y-%m-%dT%H:%M:%S)] nvdisasm-wrapper called with: /tmp/tmppjkhf0hk --binary SM100a
[$(date +%Y-%m-%dT%H:%M:%S)] nvdisasm-wrapper called with: /tmp/tmpnccesnk7 --print-life-ranges
[$(date +%Y-%m-%dT%H:%M:%S)] nvdisasm-wrapper called with: /tmp/tmpuz4wgkv0 --print-life-ranges
[$(date +%Y-%m-%dT%H:%M:%S)] nvdisasm-wrapper called with: /tmp/tmpp_rhubwm --print-life-ranges
[$(date +%Y-%m-%dT%H:%M:%S)] nvdisasm-wrapper called with: /tmp/tmp_2uvw3ch --print-life-ranges
[$(date +%Y-%m-%dT%H:%M:%S)] nvdisasm-wrapper called with: /tmp/tmp7kux_j8d --print-life-ranges
[$(date +%Y-%m-%dT%H:%M:%S)] nvdisasm-wrapper called with: /tmp/tmp9y60q7ps --print-life-ranges
[$(date +%Y-%m-%dT%H:%M:%S)] nvdisasm-wrapper called with: /tmp/tmpatdvj50j --print-life-ranges
[$(date +%Y-%m-%dT%H:%M:%S)] nvdisasm-wrapper called with: /tmp/tmpy23uafau --print-life-ranges
[$(date +%Y-%m-%dT%H:%M:%S)] nvdisasm-wrapper called with: /tmp/tmph0og2vd2 --print-life-ranges
[$(date +%Y-%m-%dT%H:%M:%S)] nvdisasm-wrapper called with: /tmp/tmpl38t9jfr --print-life-ranges
[$(date +%Y-%m-%dT%H:%M:%S)] nvdisasm-wrapper called with: /tmp/tmpkiussi78 --print-life-ranges
[$(date +%Y-%m-%dT%H:%M:%S)] nvdisasm-wrapper called with: /tmp/tmpfsacvc7o --print-life-ranges
[$(date +%Y-%m-%dT%H:%M:%S)] nvdisasm-wrapper called with: /tmp/tmp0y0intbv --print-life-ranges
[$(date +%Y-%m-%dT%H:%M:%S)] nvdisasm-wrapper called with: /tmp/tmpujxc_ky6 --print-life-ranges
[$(date +%Y-%m-%dT%H:%M:%S)] nvdisasm-wrapper called with: /tmp/tmp6iyvi4ya --print-life-ranges
[$(date +%Y-%m-%dT%H:%M:%S)] nvdisasm-wrapper called with: /tmp/tmpm2iiybq9 --print-life-ranges
[$(date +%Y-%m-%dT%H:%M:%S)] nvdisasm-wrapper called with: /tmp/tmprucx7wgb --print-life-ranges
[$(date +%Y-%m-%dT%H:%M:%S)] nvdisasm-wrapper called with: /tmp/tmpfr85_xvg --print-life-ranges
[$(date +%Y-%m-%dT%H:%M:%S)] nvdisasm-wrapper called with: /tmp/tmpp6ugmuy2 --print-life-ranges
[$(date +%Y-%m-%dT%H:%M:%S)] nvdisasm-wrapper called with: /tmp/tmp68kg9kkm --print-life-ranges
[$(date +%Y-%m-%dT%H:%M:%S)] nvdisasm-wrapper called with: /tmp/tmpkjsswz9t --print-life-ranges
[$(date +%Y-%m-%dT%H:%M:%S)] nvdisasm-wrapper called with: /tmp/tmph514ys7s --print-life-ranges
[$(date +%Y-%m-%dT%H:%M:%S)] nvdisasm-wrapper called with: /tmp/tmp9m1e_nod --print-life-ranges
[$(date +%Y-%m-%dT%H:%M:%S)] nvdisasm-wrapper called with: /tmp/tmp_rk3ixp6 --print-life-ranges
[$(date +%Y-%m-%dT%H:%M:%S)] nvdisasm-wrapper called with: /tmp/tmp9y8uvv9h --print-life-ranges
[$(date +%Y-%m-%dT%H:%M:%S)] nvdisasm-wrapper called with: /tmp/tmp3v6zpin1 --print-life-ranges
[$(date +%Y-%m-%dT%H:%M:%S)] nvdisasm-wrapper called with: /tmp/tmpxxmd0jo0 --print-life-ranges
[$(date +%Y-%m-%dT%H:%M:%S)] nvdisasm-wrapper called with: /tmp/tmpr95w9i6a --print-life-ranges
[$(date +%Y-%m-%dT%H:%M:%S)] nvdisasm-wrapper called with: /tmp/tmpe540ptym --binary SM100
[$(date +%Y-%m-%dT%H:%M:%S)] nvdisasm-wrapper called with: /tmp/tmph831gi9q --binary SM100
[$(date +%Y-%m-%dT%H:%M:%S)] nvdisasm-wrapper called with: /tmp/tmp39e6stg_ --binary SM100
[$(date +%Y-%m-%dT%H:%M:%S)] nvdisasm-wrapper called with: /tmp/tmpnb90nicr --binary SM100
[$(date +%Y-%m-%dT%H:%M:%S)] nvdisasm-wrapper called with: /tmp/tmprey84ptv --binary SM100
[$(date +%Y-%m-%dT%H:%M:%S)] nvdisasm-wrapper called with: /tmp/tmpow4j_a8o --binary SM100
[$(date +%Y-%m-%dT%H:%M:%S)] nvdisasm-wrapper called with: /tmp/tmpe9go1sx_ --binary SM100
[$(date +%Y-%m-%dT%H:%M:%S)] nvdisasm-wrapper called with: /tmp/tmpzg83c46v --binary SM100
[$(date +%Y-%m-%dT%H:%M:%S)] nvdisasm-wrapper called with: /tmp/tmp8pg6ka88 --binary SM100
[$(date +%Y-%m-%dT%H:%M:%S)] nvdisasm-wrapper called with: /tmp/tmpizi3ct8o --binary SM100
[$(date +%Y-%m-%dT%H:%M:%S)] nvdisasm-wrapper called with: /tmp/tmp9244xpis --binary SM100
[$(date +%Y-%m-%dT%H:%M:%S)] nvdisasm-wrapper called with: /tmp/tmp54r50x_4 --binary SM100
[$(date +%Y-%m-%dT%H:%M:%S)] nvdisasm-wrapper called with: /tmp/tmpqbo3pkux --binary SM100
[$(date +%Y-%m-%dT%H:%M:%S)] nvdisasm-wrapper called with: /tmp/tmpjhbnt12y --binary SM100
[$(date +%Y-%m-%dT%H:%M:%S)] nvdisasm-wrapper called with: /tmp/tmpk1ogloip --binary SM100
[$(date +%Y-%m-%dT%H:%M:%S)] nvdisasm-wrapper called with: /tmp/tmp7dekr6lm --binary SM100
[$(date +%Y-%m-%dT%H:%M:%S)] nvdisasm-wrapper called with: /tmp/tmp8m_00py_ --binary SM100
[$(date +%Y-%m-%dT%H:%M:%S)] nvdisasm-wrapper called with: /tmp/tmpy1_ss67r --binary SM100
[$(date +%Y-%m-%dT%H:%M:%S)] nvdisasm-wrapper called with: /tmp/tmpzfyh9ey9 --binary SM100
[$(date +%Y-%m-%dT%H:%M:%S)] nvdisasm-wrapper called with: /tmp/tmpt7bijm2n --binary SM100
[$(date +%Y-%m-%dT%H:%M:%S)] nvdisasm-wrapper called with: /tmp/tmp4nhfbfen --binary SM100
[$(date +%Y-%m-%dT%H:%M:%S)] nvdisasm-wrapper called with: /tmp/tmpyhde77dm --binary SM100
[$(date +%Y-%m-%dT%H:%M:%S)] nvdisasm-wrapper called with: /tmp/tmpn4yg9tmf --binary SM100
[$(date +%Y-%m-%dT%H:%M:%S)] nvdisasm-wrapper called with: /tmp/tmpruepcfpo --binary SM100
[$(date +%Y-%m-%dT%H:%M:%S)] nvdisasm-wrapper called with: /tmp/tmpmcge_bli --binary SM100
[$(date +%Y-%m-%dT%H:%M:%S)] nvdisasm-wrapper called with: /tmp/tmpwdeodyni --binary SM100
[$(date +%Y-%m-%dT%H:%M:%S)] nvdisasm-wrapper called with: /tmp/tmpi_d56y2o --binary SM100
[$(date +%Y-%m-%dT%H:%M:%S)] nvdisasm-wrapper called with: /tmp/tmp6na8r5h_ --binary SM100
[$(date +%Y-%m-%dT%H:%M:%S)] nvdisasm-wrapper called with: /tmp/tmpmaitko73 --binary SM100
[$(date +%Y-%m-%dT%H:%M:%S)] nvdisasm-wrapper called with: /tmp/tmpzogs8cs4 --binary SM100
[$(date +%Y-%m-%dT%H:%M:%S)] nvdisasm-wrapper called with: /tmp/tmpim_tbwp0 --binary SM100
[$(date +%Y-%m-%dT%H:%M:%S)] nvdisasm-wrapper called with: /tmp/tmp1pco7i7o --binary SM100
[$(date +%Y-%m-%dT%H:%M:%S)] nvdisasm-wrapper called with: /tmp/tmpu81c22n7 --binary SM100
[$(date +%Y-%m-%dT%H:%M:%S)] nvdisasm-wrapper called with: /tmp/tmprl1zf0xc --binary SM100
[$(date +%Y-%m-%dT%H:%M:%S)] nvdisasm-wrapper called with: /tmp/tmp_rc29j5b --binary SM100
[$(date +%Y-%m-%dT%H:%M:%S)] nvdisasm-wrapper called with: /tmp/tmp52unbw53 --binary SM100
[$(date +%Y-%m-%dT%H:%M:%S)] nvdisasm-wrapper called with: /tmp/tmpjztfosq0 --binary SM100
[$(date +%Y-%m-%dT%H:%M:%S)] nvdisasm-wrapper called with: /tmp/tmp0pn4ydqd --binary SM100
[$(date +%Y-%m-%dT%H:%M:%S)] nvdisasm-wrapper called with: /tmp/tmpj96xfssd --binary SM100
[$(date +%Y-%m-%dT%H:%M:%S)] nvdisasm-wrapper called with: /tmp/tmppsqzuzz8 --binary SM100
[$(date +%Y-%m-%dT%H:%M:%S)] nvdisasm-wrapper called with: /tmp/tmpnfkufgkw --binary SM100
[$(date +%Y-%m-%dT%H:%M:%S)] nvdisasm-wrapper called with: /tmp/tmp93rlp8ih --binary SM100
[$(date +%Y-%m-%dT%H:%M:%S)] nvdisasm-wrapper called with: /tmp/tmpo_5nsu96 --binary SM100
[$(date +%Y-%m-%dT%H:%M:%S)] nvdisasm-wrapper called with: /tmp/tmp98x7zf2b --binary SM100
[$(date +%Y-%m-%dT%H:%M:%S)] nvdisasm-wrapper called with: /tmp/tmprqx0s9ue --binary SM100
[$(date +%Y-%m-%dT%H:%M:%S)] nvdisasm-wrapper called with: /tmp/tmp2wzf39tj --binary SM100
[$(date +%Y-%m-%dT%H:%M:%S)] nvdisasm-wrapper called with: /tmp/tmpr8sipyq1 --binary SM100
[$(date +%Y-%m-%dT%H:%M:%S)] nvdisasm-wrapper called with: /tmp/tmpo7ro21rs --binary SM100
[$(date +%Y-%m-%dT%H:%M:%S)] nvdisasm-wrapper called with: /tmp/tmpdskr0kdb --binary SM100
[$(date +%Y-%m-%dT%H:%M:%S)] nvdisasm-wrapper called with: /tmp/tmp_6_r_39_ --binary SM100
[$(date +%Y-%m-%dT%H:%M:%S)] nvdisasm-wrapper called with: /tmp/tmp7kizim68 --binary SM100
[$(date +%Y-%m-%dT%H:%M:%S)] nvdisasm-wrapper called with: /tmp/tmpefgdexuf --binary SM100
[$(date +%Y-%m-%dT%H:%M:%S)] nvdisasm-wrapper called with: /tmp/tmpdnev8096 --binary SM100
[$(date +%Y-%m-%dT%H:%M:%S)] nvdisasm-wrapper called with: /tmp/tmpb1gji1bi --binary SM100
[$(date +%Y-%m-%dT%H:%M:%S)] nvdisasm-wrapper called with: /tmp/tmpzj01amlu --binary SM100
[$(date +%Y-%m-%dT%H:%M:%S)] nvdisasm-wrapper called with: /tmp/tmp5kc85jug --binary SM100
[$(date +%Y-%m-%dT%H:%M:%S)] nvdisasm-wrapper called with: /tmp/tmpw0weohsk --binary SM100
[$(date +%Y-%m-%dT%H:%M:%S)] nvdisasm-wrapper called with: /tmp/tmp26ql5xno --binary SM100
[$(date +%Y-%m-%dT%H:%M:%S)] nvdisasm-wrapper called with: /tmp/tmpjms9jvk2 --binary SM100
[$(date +%Y-%m-%dT%H:%M:%S)] nvdisasm-wrapper called with: /tmp/tmpdd_9l242 --binary SM100
[$(date +%Y-%m-%dT%H:%M:%S)] nvdisasm-wrapper called with: /tmp/tmpeor1g9xl --binary SM100
[$(date +%Y-%m-%dT%H:%M:%S)] nvdisasm-wrapper called with: /tmp/tmpllmq4d1e --binary SM100
[$(date +%Y-%m-%dT%H:%M:%S)] nvdisasm-wrapper called with: /tmp/tmpnoz7n0mc --binary SM100
[$(date +%Y-%m-%dT%H:%M:%S)] nvdisasm-wrapper called with: /tmp/tmpdhukpnja --binary SM100
[$(date +%Y-%m-%dT%H:%M:%S)] nvdisasm-wrapper called with: /tmp/tmpug0w_9ii --binary SM100
[$(date +%Y-%m-%dT%H:%M:%S)] nvdisasm-wrapper called with: /tmp/tmp6gxhz132 --binary SM100
[$(date +%Y-%m-%dT%H:%M:%S)] nvdisasm-wrapper called with: /tmp/tmp7q27ujgn --binary SM100
[$(date +%Y-%m-%dT%H:%M:%S)] nvdisasm-wrapper called with: /tmp/tmp9jxo4ue2 --binary SM100
[$(date +%Y-%m-%dT%H:%M:%S)] nvdisasm-wrapper called with: /tmp/tmp8mp0m4bc --binary SM100
[$(date +%Y-%m-%dT%H:%M:%S)] nvdisasm-wrapper called with: /tmp/tmpgu5qmxo6 --binary SM100
[$(date +%Y-%m-%dT%H:%M:%S)] nvdisasm-wrapper called with: /tmp/tmpcx8k2t5k --binary SM100
[$(date +%Y-%m-%dT%H:%M:%S)] nvdisasm-wrapper called with: /tmp/tmp2xz4m3pj --binary SM100
[$(date +%Y-%m-%dT%H:%M:%S)] nvdisasm-wrapper called with: /tmp/tmp48wd4ztg --binary SM100
[$(date +%Y-%m-%dT%H:%M:%S)] nvdisasm-wrapper called with: /tmp/tmpbgfj7_ve --binary SM100
[$(date +%Y-%m-%dT%H:%M:%S)] nvdisasm-wrapper called with: /tmp/tmpn6f4ctle --binary SM100
[$(date +%Y-%m-%dT%H:%M:%S)] nvdisasm-wrapper called with: /tmp/tmp86c3pva5 --binary SM100
[$(date +%Y-%m-%dT%H:%M:%S)] nvdisasm-wrapper called with: /tmp/tmp9h6h5ss5 --binary SM100
[$(date +%Y-%m-%dT%H:%M:%S)] nvdisasm-wrapper called with: /tmp/tmphl_6inx5 --binary SM100
[$(date +%Y-%m-%dT%H:%M:%S)] nvdisasm-wrapper called with: /tmp/tmp5jw149l7 --binary SM100
[$(date +%Y-%m-%dT%H:%M:%S)] nvdisasm-wrapper called with: /tmp/tmp2_87sp2m --binary SM100
[$(date +%Y-%m-%dT%H:%M:%S)] nvdisasm-wrapper called with: /tmp/tmp_ki9d5q1 --binary SM100
[$(date +%Y-%m-%dT%H:%M:%S)] nvdisasm-wrapper called with: /tmp/tmp5hfne0ky --binary SM100
[$(date +%Y-%m-%dT%H:%M:%S)] nvdisasm-wrapper called with: /tmp/tmpqgz_itbp --binary SM100
[$(date +%Y-%m-%dT%H:%M:%S)] nvdisasm-wrapper called with: /tmp/tmpa13zz5_3 --binary SM100
[$(date +%Y-%m-%dT%H:%M:%S)] nvdisasm-wrapper called with: /tmp/tmplmca1d7b --binary SM100
[$(date +%Y-%m-%dT%H:%M:%S)] nvdisasm-wrapper called with: /tmp/tmpvoex_mmx --binary SM100
[$(date +%Y-%m-%dT%H:%M:%S)] nvdisasm-wrapper called with: /tmp/tmp8q2tb6u5 --binary SM100
[$(date +%Y-%m-%dT%H:%M:%S)] nvdisasm-wrapper called with: /tmp/tmp29smyyfa --binary SM100
[$(date +%Y-%m-%dT%H:%M:%S)] nvdisasm-wrapper called with: /tmp/tmptxiyfec2 --binary SM100
[$(date +%Y-%m-%dT%H:%M:%S)] nvdisasm-wrapper called with: /tmp/tmph5fu96ss --binary SM100
[$(date +%Y-%m-%dT%H:%M:%S)] nvdisasm-wrapper called with: /tmp/tmpz3zod6al --binary SM100
[$(date +%Y-%m-%dT%H:%M:%S)] nvdisasm-wrapper called with: /tmp/tmp622n6_ct --binary SM100
[$(date +%Y-%m-%dT%H:%M:%S)] nvdisasm-wrapper called with: /tmp/tmpzp8i3jdp --binary SM100
[$(date +%Y-%m-%dT%H:%M:%S)] nvdisasm-wrapper called with: /tmp/tmpi6vonhkk --binary SM100
[$(date +%Y-%m-%dT%H:%M:%S)] nvdisasm-wrapper called with: /tmp/tmpt0qhdm2c --binary SM100
[$(date +%Y-%m-%dT%H:%M:%S)] nvdisasm-wrapper called with: /tmp/tmp5_ce0ens --binary SM100
[$(date +%Y-%m-%dT%H:%M:%S)] nvdisasm-wrapper called with: /tmp/tmps_ulww4l --binary SM100
[$(date +%Y-%m-%dT%H:%M:%S)] nvdisasm-wrapper called with: /tmp/tmp2hcib2x_ --binary SM100
[$(date +%Y-%m-%dT%H:%M:%S)] nvdisasm-wrapper called with: /tmp/tmpmvsy9j7s --binary SM100
[$(date +%Y-%m-%dT%H:%M:%S)] nvdisasm-wrapper called with: /tmp/tmpwiddbc7j --binary SM100
[$(date +%Y-%m-%dT%H:%M:%S)] nvdisasm-wrapper called with: /tmp/tmp9wpbwf0m --binary SM100
[$(date +%Y-%m-%dT%H:%M:%S)] nvdisasm-wrapper called with: /tmp/tmpp3fwu7w5 --binary SM100
[$(date +%Y-%m-%dT%H:%M:%S)] nvdisasm-wrapper called with: /tmp/tmp23abvkfs --binary SM100
[$(date +%Y-%m-%dT%H:%M:%S)] nvdisasm-wrapper called with: /tmp/tmppz07b5p1 --binary SM100
[$(date +%Y-%m-%dT%H:%M:%S)] nvdisasm-wrapper called with: /tmp/tmp745el0j5 --binary SM100
[$(date +%Y-%m-%dT%H:%M:%S)] nvdisasm-wrapper called with: /tmp/tmpg_0i0xsc --binary SM100
[$(date +%Y-%m-%dT%H:%M:%S)] nvdisasm-wrapper called with: /tmp/tmpw53ep460 --binary SM100
[$(date +%Y-%m-%dT%H:%M:%S)] nvdisasm-wrapper called with: /tmp/tmpkv9_cogr --binary SM100
[$(date +%Y-%m-%dT%H:%M:%S)] nvdisasm-wrapper called with: /tmp/tmp89msc3gq --binary SM100
[$(date +%Y-%m-%dT%H:%M:%S)] nvdisasm-wrapper called with: /tmp/tmprlt_u7ov --binary SM100
[$(date +%Y-%m-%dT%H:%M:%S)] nvdisasm-wrapper called with: /tmp/tmp5cjwaigw --binary SM100
[$(date +%Y-%m-%dT%H:%M:%S)] nvdisasm-wrapper called with: /tmp/tmplee9smfk --binary SM100
[$(date +%Y-%m-%dT%H:%M:%S)] nvdisasm-wrapper called with: /tmp/tmp95gq2c_2 --binary SM100
[$(date +%Y-%m-%dT%H:%M:%S)] nvdisasm-wrapper called with: /tmp/tmpidk1xwiv --binary SM100
[$(date +%Y-%m-%dT%H:%M:%S)] nvdisasm-wrapper called with: /tmp/tmpcb5pstro --binary SM100
[$(date +%Y-%m-%dT%H:%M:%S)] nvdisasm-wrapper called with: /tmp/tmpc5siyljf --binary SM100
[$(date +%Y-%m-%dT%H:%M:%S)] nvdisasm-wrapper called with: /tmp/tmpsiil7njk --binary SM100
[$(date +%Y-%m-%dT%H:%M:%S)] nvdisasm-wrapper called with: /tmp/tmpc69iev4b --binary SM100
[$(date +%Y-%m-%dT%H:%M:%S)] nvdisasm-wrapper called with: /tmp/tmpbttt87zo --binary SM100
[$(date +%Y-%m-%dT%H:%M:%S)] nvdisasm-wrapper called with: /tmp/tmprjin_i2z --binary SM100
[$(date +%Y-%m-%dT%H:%M:%S)] nvdisasm-wrapper called with: /tmp/tmpl3ip7nc3 --binary SM100
[$(date +%Y-%m-%dT%H:%M:%S)] nvdisasm-wrapper called with: /tmp/tmpqkys8vni --binary SM100
[$(date +%Y-%m-%dT%H:%M:%S)] nvdisasm-wrapper called with: /tmp/tmp21shu778 --binary SM100
[$(date +%Y-%m-%dT%H:%M:%S)] nvdisasm-wrapper called with: /tmp/tmpp277a5jd --binary SM100
[$(date +%Y-%m-%dT%H:%M:%S)] nvdisasm-wrapper called with: /tmp/tmpq4etfjdu --binary SM100
[$(date +%Y-%m-%dT%H:%M:%S)] nvdisasm-wrapper called with: /tmp/tmpvogqjlrv --binary SM100
[$(date +%Y-%m-%dT%H:%M:%S)] nvdisasm-wrapper called with: /tmp/tmp3atdysob --binary SM100
[$(date +%Y-%m-%dT%H:%M:%S)] nvdisasm-wrapper called with: /tmp/tmp6vorlght --binary SM100
[$(date +%Y-%m-%dT%H:%M:%S)] nvdisasm-wrapper called with: /tmp/tmp4_udnfqp --binary SM100
[$(date +%Y-%m-%dT%H:%M:%S)] nvdisasm-wrapper called with: /tmp/tmpw6rlgztx --binary SM100
[$(date +%Y-%m-%dT%H:%M:%S)] nvdisasm-wrapper called with: /tmp/tmp1ymmx64c --binary SM100
[$(date +%Y-%m-%dT%H:%M:%S)] nvdisasm-wrapper called with: /tmp/tmpkdzhzc6y --binary SM100
[$(date +%Y-%m-%dT%H:%M:%S)] nvdisasm-wrapper called with: /tmp/tmp254vhn2g --binary SM100
[$(date +%Y-%m-%dT%H:%M:%S)] nvdisasm-wrapper called with: /tmp/tmpdptsqpc8 --binary SM100
[$(date +%Y-%m-%dT%H:%M:%S)] nvdisasm-wrapper called with: /tmp/tmp11alvfim --print-life-ranges
[$(date +%Y-%m-%dT%H:%M:%S)] nvdisasm-wrapper called with: /tmp/tmpcu6xxy43 --binary SM100
[$(date +%Y-%m-%dT%H:%M:%S)] nvdisasm-wrapper called with: /tmp/tmpmhsy21km --binary SM100
[$(date +%Y-%m-%dT%H:%M:%S)] nvdisasm-wrapper called with: /tmp/tmp0cics5te --binary SM100
[$(date +%Y-%m-%dT%H:%M:%S)] nvdisasm-wrapper called with: /tmp/tmpztk6oysr --binary SM100
[$(date +%Y-%m-%dT%H:%M:%S)] nvdisasm-wrapper called with: /tmp/tmpyymgr7ho --binary SM100
[$(date +%Y-%m-%dT%H:%M:%S)] nvdisasm-wrapper called with: /tmp/tmpslv5vi_m --binary SM100
[$(date +%Y-%m-%dT%H:%M:%S)] nvdisasm-wrapper called with: /tmp/tmpd2jzmo4j --binary SM100
[$(date +%Y-%m-%dT%H:%M:%S)] nvdisasm-wrapper called with: /tmp/tmpez1xgiqf --binary SM100
[$(date +%Y-%m-%dT%H:%M:%S)] nvdisasm-wrapper called with: /tmp/tmp8uwrst74 --binary SM100
[$(date +%Y-%m-%dT%H:%M:%S)] nvdisasm-wrapper called with: /tmp/tmpx8_jgj8u --binary SM100
[$(date +%Y-%m-%dT%H:%M:%S)] nvdisasm-wrapper called with: /tmp/tmppzqwaqy2 --binary SM100
[$(date +%Y-%m-%dT%H:%M:%S)] nvdisasm-wrapper called with: /tmp/tmpf0zsa6q0 --binary SM100
[$(date +%Y-%m-%dT%H:%M:%S)] nvdisasm-wrapper called with: /tmp/tmpd2i7sumr --binary SM100
[$(date +%Y-%m-%dT%H:%M:%S)] nvdisasm-wrapper called with: /tmp/tmpsaqva__0 --binary SM100
[$(date +%Y-%m-%dT%H:%M:%S)] nvdisasm-wrapper called with: /tmp/tmp5pdrsa5g --binary SM100
[$(date +%Y-%m-%dT%H:%M:%S)] nvdisasm-wrapper called with: /tmp/tmp7vgzyl8a --binary SM100
[$(date +%Y-%m-%dT%H:%M:%S)] nvdisasm-wrapper called with: /tmp/tmpbgnxvmus --binary SM100
[$(date +%Y-%m-%dT%H:%M:%S)] nvdisasm-wrapper called with: /tmp/tmpsd12cify --binary SM100
[$(date +%Y-%m-%dT%H:%M:%S)] nvdisasm-wrapper called with: /tmp/tmp7kluhevz --binary SM100
[$(date +%Y-%m-%dT%H:%M:%S)] nvdisasm-wrapper called with: /tmp/tmphhmbt0x7 --binary SM100
[$(date +%Y-%m-%dT%H:%M:%S)] nvdisasm-wrapper called with: /tmp/tmpioqejxb7 --binary SM100
[$(date +%Y-%m-%dT%H:%M:%S)] nvdisasm-wrapper called with: /tmp/tmpp7annfs6 --binary SM100
[$(date +%Y-%m-%dT%H:%M:%S)] nvdisasm-wrapper called with: /tmp/tmpqa8ecly3 --binary SM100
[$(date +%Y-%m-%dT%H:%M:%S)] nvdisasm-wrapper called with: /tmp/tmpxcrpehh_ --binary SM100
[$(date +%Y-%m-%dT%H:%M:%S)] nvdisasm-wrapper called with: /tmp/tmps1uujs0w --binary SM100
[$(date +%Y-%m-%dT%H:%M:%S)] nvdisasm-wrapper called with: /tmp/tmpoxscu_wv --binary SM100
[$(date +%Y-%m-%dT%H:%M:%S)] nvdisasm-wrapper called with: /tmp/tmp8ms0r734 --binary SM100
[$(date +%Y-%m-%dT%H:%M:%S)] nvdisasm-wrapper called with: /tmp/tmp455o39qh --binary SM100
[$(date +%Y-%m-%dT%H:%M:%S)] nvdisasm-wrapper called with: /tmp/tmppaeasa9y --binary SM100
[$(date +%Y-%m-%dT%H:%M:%S)] nvdisasm-wrapper called with: /tmp/tmph_r17352 --binary SM100
[$(date +%Y-%m-%dT%H:%M:%S)] nvdisasm-wrapper called with: /tmp/tmpxpqsebb4 --binary SM100
[$(date +%Y-%m-%dT%H:%M:%S)] nvdisasm-wrapper called with: /tmp/tmp910tknns --binary SM100
[$(date +%Y-%m-%dT%H:%M:%S)] nvdisasm-wrapper called with: /tmp/tmpo925dl2a --binary SM100
[$(date +%Y-%m-%dT%H:%M:%S)] nvdisasm-wrapper called with: /tmp/tmp5eyqu0h2 --binary SM100
[$(date +%Y-%m-%dT%H:%M:%S)] nvdisasm-wrapper called with: /tmp/tmp2t08zhxz --binary SM100
[$(date +%Y-%m-%dT%H:%M:%S)] nvdisasm-wrapper called with: /tmp/tmplwifqude --binary SM100
[$(date +%Y-%m-%dT%H:%M:%S)] nvdisasm-wrapper called with: /tmp/tmpjjy6kmif --binary SM100
[$(date +%Y-%m-%dT%H:%M:%S)] nvdisasm-wrapper called with: /tmp/tmpccqhm0rw --binary SM100
[$(date +%Y-%m-%dT%H:%M:%S)] nvdisasm-wrapper called with: /tmp/tmpediv7uxw --binary SM100
[$(date +%Y-%m-%dT%H:%M:%S)] nvdisasm-wrapper called with: /tmp/tmpo47n36pk --binary SM100
[$(date +%Y-%m-%dT%H:%M:%S)] nvdisasm-wrapper called with: /tmp/tmp7csq0a55 --binary SM100
[$(date +%Y-%m-%dT%H:%M:%S)] nvdisasm-wrapper called with: /tmp/tmp_yam63pp --binary SM100
[$(date +%Y-%m-%dT%H:%M:%S)] nvdisasm-wrapper called with: /tmp/tmpgql1a1c_ --binary SM100
[$(date +%Y-%m-%dT%H:%M:%S)] nvdisasm-wrapper called with: /tmp/tmp6tw4iwak --binary SM100
[$(date +%Y-%m-%dT%H:%M:%S)] nvdisasm-wrapper called with: /tmp/tmpfeualw5d --binary SM100
[$(date +%Y-%m-%dT%H:%M:%S)] nvdisasm-wrapper called with: /tmp/tmpj_316sz9 --binary SM100
[$(date +%Y-%m-%dT%H:%M:%S)] nvdisasm-wrapper called with: /tmp/tmpu4co7v5c --binary SM100
[$(date +%Y-%m-%dT%H:%M:%S)] nvdisasm-wrapper called with: /tmp/tmp5u0foaw8 --binary SM100
[$(date +%Y-%m-%dT%H:%M:%S)] nvdisasm-wrapper called with: /tmp/tmpgaqydn32 --binary SM100
[$(date +%Y-%m-%dT%H:%M:%S)] nvdisasm-wrapper called with: /tmp/tmpa7tuom5b --binary SM100
[$(date +%Y-%m-%dT%H:%M:%S)] nvdisasm-wrapper called with: /tmp/tmpa_380m59 --binary SM100
[$(date +%Y-%m-%dT%H:%M:%S)] nvdisasm-wrapper called with: /tmp/tmp19acrxj0 --binary SM100
[$(date +%Y-%m-%dT%H:%M:%S)] nvdisasm-wrapper called with: /tmp/tmp497q6ro4 --binary SM100
[$(date +%Y-%m-%dT%H:%M:%S)] nvdisasm-wrapper called with: /tmp/tmp660ok7wn --binary SM100
[$(date +%Y-%m-%dT%H:%M:%S)] nvdisasm-wrapper called with: /tmp/tmpuy4urjgy --binary SM100
[$(date +%Y-%m-%dT%H:%M:%S)] nvdisasm-wrapper called with: /tmp/tmpk72h4flm --binary SM100
[$(date +%Y-%m-%dT%H:%M:%S)] nvdisasm-wrapper called with: /tmp/tmpcfp88mpo --binary SM100
[$(date +%Y-%m-%dT%H:%M:%S)] nvdisasm-wrapper called with: /tmp/tmp273x0_sa --binary SM100
[$(date +%Y-%m-%dT%H:%M:%S)] nvdisasm-wrapper called with: /tmp/tmp21pdgc75 --binary SM100
[$(date +%Y-%m-%dT%H:%M:%S)] nvdisasm-wrapper called with: /tmp/tmph4e3heim --binary SM100
[$(date +%Y-%m-%dT%H:%M:%S)] nvdisasm-wrapper called with: /tmp/tmpblz6ui_n --binary SM100
[$(date +%Y-%m-%dT%H:%M:%S)] nvdisasm-wrapper called with: /tmp/tmp_hv6w3u3 --binary SM100
[$(date +%Y-%m-%dT%H:%M:%S)] nvdisasm-wrapper called with: /tmp/tmp5dnv1whw --binary SM100
[$(date +%Y-%m-%dT%H:%M:%S)] nvdisasm-wrapper called with: /tmp/tmpfrqgyqjm --binary SM100
[$(date +%Y-%m-%dT%H:%M:%S)] nvdisasm-wrapper called with: /tmp/tmpn3xwxu82 --binary SM100
[$(date +%Y-%m-%dT%H:%M:%S)] nvdisasm-wrapper called with: /tmp/tmpop646vk0 --binary SM100
[$(date +%Y-%m-%dT%H:%M:%S)] nvdisasm-wrapper called with: /tmp/tmp8wvnktzo --binary SM100
[$(date +%Y-%m-%dT%H:%M:%S)] nvdisasm-wrapper called with: /tmp/tmp5uqb36no --binary SM100
[$(date +%Y-%m-%dT%H:%M:%S)] nvdisasm-wrapper called with: /tmp/tmpuo4va5bb --binary SM100
[$(date +%Y-%m-%dT%H:%M:%S)] nvdisasm-wrapper called with: /tmp/tmpr5iwqgid --binary SM100
[$(date +%Y-%m-%dT%H:%M:%S)] nvdisasm-wrapper called with: /tmp/tmp7rgv3c69 --binary SM100
[$(date +%Y-%m-%dT%H:%M:%S)] nvdisasm-wrapper called with: /tmp/tmpjhl93r69 --binary SM100
[$(date +%Y-%m-%dT%H:%M:%S)] nvdisasm-wrapper called with: /tmp/tmp7uahl7xo --binary SM100
[$(date +%Y-%m-%dT%H:%M:%S)] nvdisasm-wrapper called with: /tmp/tmpqdouvs66 --binary SM100
[$(date +%Y-%m-%dT%H:%M:%S)] nvdisasm-wrapper called with: /tmp/tmpkpizxihi --binary SM100
[$(date +%Y-%m-%dT%H:%M:%S)] nvdisasm-wrapper called with: /tmp/tmp9ogv1szw --binary SM100
[$(date +%Y-%m-%dT%H:%M:%S)] nvdisasm-wrapper called with: /tmp/tmpi4h7_j1o --binary SM100
[$(date +%Y-%m-%dT%H:%M:%S)] nvdisasm-wrapper called with: /tmp/tmpg2qbpx8s --binary SM100
[$(date +%Y-%m-%dT%H:%M:%S)] nvdisasm-wrapper called with: /tmp/tmp4k13es9j --binary SM100
[$(date +%Y-%m-%dT%H:%M:%S)] nvdisasm-wrapper called with: /tmp/tmpxae5cm_m --binary SM100
[$(date +%Y-%m-%dT%H:%M:%S)] nvdisasm-wrapper called with: /tmp/tmpgn03tq4d --binary SM100
[$(date +%Y-%m-%dT%H:%M:%S)] nvdisasm-wrapper called with: /tmp/tmp3p271yzs --binary SM100
[$(date +%Y-%m-%dT%H:%M:%S)] nvdisasm-wrapper called with: /tmp/tmp51wgf1is --binary SM100
[$(date +%Y-%m-%dT%H:%M:%S)] nvdisasm-wrapper called with: /tmp/tmpmycz68cq --binary SM100
[$(date +%Y-%m-%dT%H:%M:%S)] nvdisasm-wrapper called with: /tmp/tmpgo62juxk --binary SM100
[$(date +%Y-%m-%dT%H:%M:%S)] nvdisasm-wrapper called with: /tmp/tmperpv69wy --binary SM100
[$(date +%Y-%m-%dT%H:%M:%S)] nvdisasm-wrapper called with: /tmp/tmpr67t3zhx --binary SM100
[$(date +%Y-%m-%dT%H:%M:%S)] nvdisasm-wrapper called with: /tmp/tmpq38nr5j5 --binary SM100
[$(date +%Y-%m-%dT%H:%M:%S)] nvdisasm-wrapper called with: /tmp/tmp_csneea7 --binary SM100
[$(date +%Y-%m-%dT%H:%M:%S)] nvdisasm-wrapper called with: /tmp/tmpmqmwcowf --binary SM100
[$(date +%Y-%m-%dT%H:%M:%S)] nvdisasm-wrapper called with: /tmp/tmp2wn7ibou --binary SM100
[$(date +%Y-%m-%dT%H:%M:%S)] nvdisasm-wrapper called with: /tmp/tmpgy672l76 --binary SM100
[$(date +%Y-%m-%dT%H:%M:%S)] nvdisasm-wrapper called with: /tmp/tmp43lxe4st --binary SM100
[$(date +%Y-%m-%dT%H:%M:%S)] nvdisasm-wrapper called with: /tmp/tmp5fr0m0sf --binary SM100
[$(date +%Y-%m-%dT%H:%M:%S)] nvdisasm-wrapper called with: /tmp/tmp_9y83hby --binary SM100
[$(date +%Y-%m-%dT%H:%M:%S)] nvdisasm-wrapper called with: /tmp/tmpw3xfab86 --binary SM100
[$(date +%Y-%m-%dT%H:%M:%S)] nvdisasm-wrapper called with: /tmp/tmp97bu5phc --binary SM100
[$(date +%Y-%m-%dT%H:%M:%S)] nvdisasm-wrapper called with: /tmp/tmp4mfm8x6u --binary SM100
[$(date +%Y-%m-%dT%H:%M:%S)] nvdisasm-wrapper called with: /tmp/tmp6i3cbqhx --binary SM100
[$(date +%Y-%m-%dT%H:%M:%S)] nvdisasm-wrapper called with: /tmp/tmp3t8cqnq1 --binary SM100
[$(date +%Y-%m-%dT%H:%M:%S)] nvdisasm-wrapper called with: /tmp/tmp2a5_5twj --binary SM100
[$(date +%Y-%m-%dT%H:%M:%S)] nvdisasm-wrapper called with: /tmp/tmphb4s0r7v --binary SM100
[$(date +%Y-%m-%dT%H:%M:%S)] nvdisasm-wrapper called with: /tmp/tmptea59344 --binary SM100
[$(date +%Y-%m-%dT%H:%M:%S)] nvdisasm-wrapper called with: /tmp/tmpp27gnzp3 --binary SM100
[$(date +%Y-%m-%dT%H:%M:%S)] nvdisasm-wrapper called with: /tmp/tmp_xrhon7g --binary SM100
[$(date +%Y-%m-%dT%H:%M:%S)] nvdisasm-wrapper called with: /tmp/tmpvzw370_e --binary SM100
[$(date +%Y-%m-%dT%H:%M:%S)] nvdisasm-wrapper called with: /tmp/tmpcn2iosvz --binary SM100
[$(date +%Y-%m-%dT%H:%M:%S)] nvdisasm-wrapper called with: /tmp/tmpo5pi1a5v --binary SM100
[$(date +%Y-%m-%dT%H:%M:%S)] nvdisasm-wrapper called with: /tmp/tmp2ybplwvz --binary SM100
[$(date +%Y-%m-%dT%H:%M:%S)] nvdisasm-wrapper called with: /tmp/tmp4483hr1j --binary SM100
[$(date +%Y-%m-%dT%H:%M:%S)] nvdisasm-wrapper called with: /tmp/tmp12_s7sme --binary SM100
[$(date +%Y-%m-%dT%H:%M:%S)] nvdisasm-wrapper called with: /tmp/tmpu3zsxuf3 --binary SM100
[$(date +%Y-%m-%dT%H:%M:%S)] nvdisasm-wrapper called with: /tmp/tmp3obotyw9 --binary SM100
[$(date +%Y-%m-%dT%H:%M:%S)] nvdisasm-wrapper called with: /tmp/tmpdnoho5hg --binary SM100
[$(date +%Y-%m-%dT%H:%M:%S)] nvdisasm-wrapper called with: /tmp/tmpo810hqo8 --binary SM100
[$(date +%Y-%m-%dT%H:%M:%S)] nvdisasm-wrapper called with: /tmp/tmp0rnt4uzj --binary SM100
[$(date +%Y-%m-%dT%H:%M:%S)] nvdisasm-wrapper called with: /tmp/tmpkw1w8p9s --binary SM100
[$(date +%Y-%m-%dT%H:%M:%S)] nvdisasm-wrapper called with: /tmp/tmphkj1_or8 --binary SM100
[$(date +%Y-%m-%dT%H:%M:%S)] nvdisasm-wrapper called with: /tmp/tmpvmp7zsgq --binary SM100
[$(date +%Y-%m-%dT%H:%M:%S)] nvdisasm-wrapper called with: /tmp/tmpm5u874pm --binary SM100
[$(date +%Y-%m-%dT%H:%M:%S)] nvdisasm-wrapper called with: /tmp/tmp9vgjzo_z --binary SM100
[$(date +%Y-%m-%dT%H:%M:%S)] nvdisasm-wrapper called with: /tmp/tmp4fj_16p4 --binary SM100
[$(date +%Y-%m-%dT%H:%M:%S)] nvdisasm-wrapper called with: /tmp/tmpfigaa2n5 --binary SM100
[$(date +%Y-%m-%dT%H:%M:%S)] nvdisasm-wrapper called with: /tmp/tmpusk1dp1x --binary SM100
[$(date +%Y-%m-%dT%H:%M:%S)] nvdisasm-wrapper called with: /tmp/tmpbzygjclk --binary SM100
[$(date +%Y-%m-%dT%H:%M:%S)] nvdisasm-wrapper called with: /tmp/tmp791n993o --binary SM100
[$(date +%Y-%m-%dT%H:%M:%S)] nvdisasm-wrapper called with: /tmp/tmprk1vmgm2 --binary SM100
[$(date +%Y-%m-%dT%H:%M:%S)] nvdisasm-wrapper called with: /tmp/tmpyptsuohm --binary SM100
[$(date +%Y-%m-%dT%H:%M:%S)] nvdisasm-wrapper called with: /tmp/tmpn9am0a0p --binary SM100
[$(date +%Y-%m-%dT%H:%M:%S)] nvdisasm-wrapper called with: /tmp/tmp64r89ohd --binary SM100
[$(date +%Y-%m-%dT%H:%M:%S)] nvdisasm-wrapper called with: /tmp/tmp7_damlx3 --print-life-ranges
[$(date +%Y-%m-%dT%H:%M:%S)] nvdisasm-wrapper called with: /tmp/tmpysuma6uw --print-life-ranges
[$(date +%Y-%m-%dT%H:%M:%S)] nvdisasm-wrapper called with: /tmp/tmpnfftyvdg --print-life-ranges
[$(date +%Y-%m-%dT%H:%M:%S)] nvdisasm-wrapper called with: /tmp/tmprgn_hsv_ --print-life-ranges
[$(date +%Y-%m-%dT%H:%M:%S)] nvdisasm-wrapper called with: /tmp/tmpicssd5fa --print-life-ranges
[$(date +%Y-%m-%dT%H:%M:%S)] nvdisasm-wrapper called with: /tmp/tmp1j49ebbs --print-life-ranges
[$(date +%Y-%m-%dT%H:%M:%S)] nvdisasm-wrapper called with: /tmp/tmp_3bifn5d --print-life-ranges
[$(date +%Y-%m-%dT%H:%M:%S)] nvdisasm-wrapper called with: /tmp/tmpzgtayotf --print-life-ranges
[$(date +%Y-%m-%dT%H:%M:%S)] nvdisasm-wrapper called with: /tmp/tmpral9b6y3 --print-life-ranges
[$(date +%Y-%m-%dT%H:%M:%S)] nvdisasm-wrapper called with: /tmp/tmpowokqps8 --print-life-ranges
[$(date +%Y-%m-%dT%H:%M:%S)] nvdisasm-wrapper called with: /tmp/tmpyjvn00n2 --print-life-ranges
[$(date +%Y-%m-%dT%H:%M:%S)] nvdisasm-wrapper called with: /tmp/tmpocvowxja --print-life-ranges
[$(date +%Y-%m-%dT%H:%M:%S)] nvdisasm-wrapper called with: /tmp/tmpvc53abln --print-life-ranges
[$(date +%Y-%m-%dT%H:%M:%S)] nvdisasm-wrapper called with: /tmp/tmpix3rzzfi --print-life-ranges
[$(date +%Y-%m-%dT%H:%M:%S)] nvdisasm-wrapper called with: /tmp/tmpt1zi376j --print-life-ranges
[$(date +%Y-%m-%dT%H:%M:%S)] nvdisasm-wrapper called with: /tmp/tmptjsx5a63 --print-life-ranges
[$(date +%Y-%m-%dT%H:%M:%S)] nvdisasm-wrapper called with: /tmp/tmpreahngbx --print-life-ranges
[$(date +%Y-%m-%dT%H:%M:%S)] nvdisasm-wrapper called with: /tmp/tmppc3i1qtt --print-life-ranges
[$(date +%Y-%m-%dT%H:%M:%S)] nvdisasm-wrapper called with: /tmp/tmp1p7pi6x_ --print-life-ranges
[$(date +%Y-%m-%dT%H:%M:%S)] nvdisasm-wrapper called with: /tmp/tmpmrp8qyty --print-life-ranges
[$(date +%Y-%m-%dT%H:%M:%S)] nvdisasm-wrapper called with: /tmp/tmpvlxs68qm --print-life-ranges
[$(date +%Y-%m-%dT%H:%M:%S)] nvdisasm-wrapper called with: /tmp/tmp58ey00_8 --print-life-ranges
[$(date +%Y-%m-%dT%H:%M:%S)] nvdisasm-wrapper called with: /tmp/tmpo24ghfy3 --print-life-ranges
[$(date +%Y-%m-%dT%H:%M:%S)] nvdisasm-wrapper called with: /tmp/tmp2s48sg58 --print-life-ranges
[$(date +%Y-%m-%dT%H:%M:%S)] nvdisasm-wrapper called with: /tmp/tmpije_w0bz --print-life-ranges
[$(date +%Y-%m-%dT%H:%M:%S)] nvdisasm-wrapper called with: /tmp/tmpydf1z33u --print-life-ranges
[$(date +%Y-%m-%dT%H:%M:%S)] nvdisasm-wrapper called with: /tmp/tmpv1u6r7lj --print-life-ranges
[$(date +%Y-%m-%dT%H:%M:%S)] nvdisasm-wrapper called with: /tmp/tmpzlchxlvn --print-life-ranges
[$(date +%Y-%m-%dT%H:%M:%S)] nvdisasm-wrapper called with: /tmp/tmpih5eulu8 --binary SM100a
[$(date +%Y-%m-%dT%H:%M:%S)] nvdisasm-wrapper called with: /tmp/tmpfape0_g2 --binary SM100a
[$(date +%Y-%m-%dT%H:%M:%S)] nvdisasm-wrapper called with: /tmp/tmppb51v9wd --binary SM100a
[$(date +%Y-%m-%dT%H:%M:%S)] nvdisasm-wrapper called with: /tmp/tmpfahga844 --binary SM100a
[$(date +%Y-%m-%dT%H:%M:%S)] nvdisasm-wrapper called with: /tmp/tmp9ist7ywi --binary SM100a
[$(date +%Y-%m-%dT%H:%M:%S)] nvdisasm-wrapper called with: /tmp/tmp_gy6inmp --binary SM100a
[$(date +%Y-%m-%dT%H:%M:%S)] nvdisasm-wrapper called with: /tmp/tmpjfee7ffi --binary SM100a
[$(date +%Y-%m-%dT%H:%M:%S)] nvdisasm-wrapper called with: /tmp/tmpvk752oid --binary SM100a
[$(date +%Y-%m-%dT%H:%M:%S)] nvdisasm-wrapper called with: /tmp/tmp4wzuvb8d --binary SM100a
[$(date +%Y-%m-%dT%H:%M:%S)] nvdisasm-wrapper called with: /tmp/tmpo8h5ymqn --binary SM100a
[$(date +%Y-%m-%dT%H:%M:%S)] nvdisasm-wrapper called with: /tmp/tmpouz11tkb --binary SM100a
[$(date +%Y-%m-%dT%H:%M:%S)] nvdisasm-wrapper called with: /tmp/tmp72165j_6 --binary SM100a
[$(date +%Y-%m-%dT%H:%M:%S)] nvdisasm-wrapper called with: /tmp/tmpuairxkxl --binary SM100a
[$(date +%Y-%m-%dT%H:%M:%S)] nvdisasm-wrapper called with: /tmp/tmprqu7765w --binary SM100a
[$(date +%Y-%m-%dT%H:%M:%S)] nvdisasm-wrapper called with: /tmp/tmpnl7vtjd2 --binary SM100a
[$(date +%Y-%m-%dT%H:%M:%S)] nvdisasm-wrapper called with: /tmp/tmpzetqqzrm --binary SM100a
[$(date +%Y-%m-%dT%H:%M:%S)] nvdisasm-wrapper called with: /tmp/tmpqpc_xeyn --binary SM100a
[$(date +%Y-%m-%dT%H:%M:%S)] nvdisasm-wrapper called with: /tmp/tmpi0e3uwh0 --binary SM100a
[$(date +%Y-%m-%dT%H:%M:%S)] nvdisasm-wrapper called with: /tmp/tmprq4wxzmm --binary SM100a
[$(date +%Y-%m-%dT%H:%M:%S)] nvdisasm-wrapper called with: /tmp/tmpgx6b5i7v --binary SM100a
[$(date +%Y-%m-%dT%H:%M:%S)] nvdisasm-wrapper called with: /tmp/tmprks6_tvn --binary SM100a
[$(date +%Y-%m-%dT%H:%M:%S)] nvdisasm-wrapper called with: /tmp/tmpn1kdhycv --binary SM100a
[$(date +%Y-%m-%dT%H:%M:%S)] nvdisasm-wrapper called with: /tmp/tmps965n6kn --binary SM100a
[$(date +%Y-%m-%dT%H:%M:%S)] nvdisasm-wrapper called with: /tmp/tmpvpgqnyas --binary SM100a
[$(date +%Y-%m-%dT%H:%M:%S)] nvdisasm-wrapper called with: /tmp/tmpxitkirvj --binary SM100a
[$(date +%Y-%m-%dT%H:%M:%S)] nvdisasm-wrapper called with: /tmp/tmp47rtmpbs --binary SM100a
[$(date +%Y-%m-%dT%H:%M:%S)] nvdisasm-wrapper called with: /tmp/tmp7kg7y9vg --binary SM100a
[$(date +%Y-%m-%dT%H:%M:%S)] nvdisasm-wrapper called with: /tmp/tmpkh76mj_4 --binary SM100a
[$(date +%Y-%m-%dT%H:%M:%S)] nvdisasm-wrapper called with: /tmp/tmpz0zeaviw --binary SM100a
[$(date +%Y-%m-%dT%H:%M:%S)] nvdisasm-wrapper called with: /tmp/tmp7k_99uqo --binary SM100a
[$(date +%Y-%m-%dT%H:%M:%S)] nvdisasm-wrapper called with: /tmp/tmptto9a2mz --binary SM100a
[$(date +%Y-%m-%dT%H:%M:%S)] nvdisasm-wrapper called with: /tmp/tmpiu4lq_dj --binary SM100a
[$(date +%Y-%m-%dT%H:%M:%S)] nvdisasm-wrapper called with: /tmp/tmpb1syfoc_ --binary SM100a
[$(date +%Y-%m-%dT%H:%M:%S)] nvdisasm-wrapper called with: /tmp/tmpck8mkl2o --binary SM100a
[$(date +%Y-%m-%dT%H:%M:%S)] nvdisasm-wrapper called with: /tmp/tmp_fxcbnyf --binary SM100a
[$(date +%Y-%m-%dT%H:%M:%S)] nvdisasm-wrapper called with: /tmp/tmpd9n9ttsv --binary SM100a
[$(date +%Y-%m-%dT%H:%M:%S)] nvdisasm-wrapper called with: /tmp/tmp4sy5q9od --binary SM100a
[$(date +%Y-%m-%dT%H:%M:%S)] nvdisasm-wrapper called with: /tmp/tmplkszplsw --binary SM100a
[$(date +%Y-%m-%dT%H:%M:%S)] nvdisasm-wrapper called with: /tmp/tmpsri9nhok --binary SM100a
[$(date +%Y-%m-%dT%H:%M:%S)] nvdisasm-wrapper called with: /tmp/tmp9pfu66bf --binary SM100a
[$(date +%Y-%m-%dT%H:%M:%S)] nvdisasm-wrapper called with: /tmp/tmpi_60e5mr --binary SM100a
[$(date +%Y-%m-%dT%H:%M:%S)] nvdisasm-wrapper called with: /tmp/tmpyhlikek0 --binary SM100a
[$(date +%Y-%m-%dT%H:%M:%S)] nvdisasm-wrapper called with: /tmp/tmp_cj6fkwn --binary SM100a
[$(date +%Y-%m-%dT%H:%M:%S)] nvdisasm-wrapper called with: /tmp/tmpbur3en47 --binary SM100a
[$(date +%Y-%m-%dT%H:%M:%S)] nvdisasm-wrapper called with: /tmp/tmp7bcnan37 --binary SM100a
[$(date +%Y-%m-%dT%H:%M:%S)] nvdisasm-wrapper called with: /tmp/tmp2tlk0e5g --binary SM100a
[$(date +%Y-%m-%dT%H:%M:%S)] nvdisasm-wrapper called with: /tmp/tmp4ykbkqjz --binary SM100a
[$(date +%Y-%m-%dT%H:%M:%S)] nvdisasm-wrapper called with: /tmp/tmp0mra42r_ --binary SM100a
[$(date +%Y-%m-%dT%H:%M:%S)] nvdisasm-wrapper called with: /tmp/tmppyltwuer --binary SM100a
[$(date +%Y-%m-%dT%H:%M:%S)] nvdisasm-wrapper called with: /tmp/tmpt46cd7w0 --binary SM100a
[$(date +%Y-%m-%dT%H:%M:%S)] nvdisasm-wrapper called with: /tmp/tmprml3qoit --binary SM100a
[$(date +%Y-%m-%dT%H:%M:%S)] nvdisasm-wrapper called with: /tmp/tmpzwz97fmu --binary SM100a
[$(date +%Y-%m-%dT%H:%M:%S)] nvdisasm-wrapper called with: /tmp/tmpe2f4qgg2 --binary SM100a
[$(date +%Y-%m-%dT%H:%M:%S)] nvdisasm-wrapper called with: /tmp/tmpd9pf6cg5 --binary SM100a
[$(date +%Y-%m-%dT%H:%M:%S)] nvdisasm-wrapper called with: /tmp/tmp5kde8p9v --binary SM100a
[$(date +%Y-%m-%dT%H:%M:%S)] nvdisasm-wrapper called with: /tmp/tmpqns69cxn --binary SM100a
[$(date +%Y-%m-%dT%H:%M:%S)] nvdisasm-wrapper called with: /tmp/tmpr5nj4srp --binary SM100a
[$(date +%Y-%m-%dT%H:%M:%S)] nvdisasm-wrapper called with: /tmp/tmpm6fbz118 --binary SM100a
[$(date +%Y-%m-%dT%H:%M:%S)] nvdisasm-wrapper called with: /tmp/tmp25jjdnen --binary SM100a
[$(date +%Y-%m-%dT%H:%M:%S)] nvdisasm-wrapper called with: /tmp/tmpdahs0z9h --binary SM100a
[$(date +%Y-%m-%dT%H:%M:%S)] nvdisasm-wrapper called with: /tmp/tmpiedxkoz3 --binary SM100a
[$(date +%Y-%m-%dT%H:%M:%S)] nvdisasm-wrapper called with: /tmp/tmptcj1p_ss --binary SM100a
[$(date +%Y-%m-%dT%H:%M:%S)] nvdisasm-wrapper called with: /tmp/tmpaehacgbp --binary SM100a
[$(date +%Y-%m-%dT%H:%M:%S)] nvdisasm-wrapper called with: /tmp/tmpfrjuuhvx --binary SM100a
[$(date +%Y-%m-%dT%H:%M:%S)] nvdisasm-wrapper called with: /tmp/tmpf1cmkgn0 --binary SM100a
[$(date +%Y-%m-%dT%H:%M:%S)] nvdisasm-wrapper called with: /tmp/tmp8v2f872_ --binary SM100a
[$(date +%Y-%m-%dT%H:%M:%S)] nvdisasm-wrapper called with: /tmp/tmpj18bsyac --binary SM100a
[$(date +%Y-%m-%dT%H:%M:%S)] nvdisasm-wrapper called with: /tmp/tmpehvqk2_e --binary SM100a
[$(date +%Y-%m-%dT%H:%M:%S)] nvdisasm-wrapper called with: /tmp/tmpwlo43yob --binary SM100a
[$(date +%Y-%m-%dT%H:%M:%S)] nvdisasm-wrapper called with: /tmp/tmp6rab9ayr --binary SM100a
[$(date +%Y-%m-%dT%H:%M:%S)] nvdisasm-wrapper called with: /tmp/tmpe7tt573i --binary SM100a
[$(date +%Y-%m-%dT%H:%M:%S)] nvdisasm-wrapper called with: /tmp/tmpjts661p2 --binary SM100a
[$(date +%Y-%m-%dT%H:%M:%S)] nvdisasm-wrapper called with: /tmp/tmpthxftk9e --binary SM100a
[$(date +%Y-%m-%dT%H:%M:%S)] nvdisasm-wrapper called with: /tmp/tmpwm0sk8uo --binary SM100a
[$(date +%Y-%m-%dT%H:%M:%S)] nvdisasm-wrapper called with: /tmp/tmpfhn40586 --binary SM100a
[$(date +%Y-%m-%dT%H:%M:%S)] nvdisasm-wrapper called with: /tmp/tmpfbxew0ks --binary SM100a
[$(date +%Y-%m-%dT%H:%M:%S)] nvdisasm-wrapper called with: /tmp/tmpgixzss8z --binary SM100a
[$(date +%Y-%m-%dT%H:%M:%S)] nvdisasm-wrapper called with: /tmp/tmpp0vbc502 --binary SM100a
[$(date +%Y-%m-%dT%H:%M:%S)] nvdisasm-wrapper called with: /tmp/tmp62if54gd --binary SM100a
[$(date +%Y-%m-%dT%H:%M:%S)] nvdisasm-wrapper called with: /tmp/tmplk4k8fi8 --binary SM100a
[$(date +%Y-%m-%dT%H:%M:%S)] nvdisasm-wrapper called with: /tmp/tmp_qub489k --binary SM100a
[$(date +%Y-%m-%dT%H:%M:%S)] nvdisasm-wrapper called with: /tmp/tmpvv_kf_ef --binary SM100a
[$(date +%Y-%m-%dT%H:%M:%S)] nvdisasm-wrapper called with: /tmp/tmpn1qh37nc --binary SM100a
[$(date +%Y-%m-%dT%H:%M:%S)] nvdisasm-wrapper called with: /tmp/tmpdcd86_ut --binary SM100a
[$(date +%Y-%m-%dT%H:%M:%S)] nvdisasm-wrapper called with: /tmp/tmp9ou7m63h --binary SM100a
[$(date +%Y-%m-%dT%H:%M:%S)] nvdisasm-wrapper called with: /tmp/tmpgbt5bd17 --binary SM100a
[$(date +%Y-%m-%dT%H:%M:%S)] nvdisasm-wrapper called with: /tmp/tmpn1dcn4om --binary SM100a
[$(date +%Y-%m-%dT%H:%M:%S)] nvdisasm-wrapper called with: /tmp/tmpdxh0o4zu --binary SM100a
[$(date +%Y-%m-%dT%H:%M:%S)] nvdisasm-wrapper called with: /tmp/tmp71sj45k3 --binary SM100a
[$(date +%Y-%m-%dT%H:%M:%S)] nvdisasm-wrapper called with: /tmp/tmp53014q4u --binary SM100a
[$(date +%Y-%m-%dT%H:%M:%S)] nvdisasm-wrapper called with: /tmp/tmp8csnkc8g --binary SM100a
[$(date +%Y-%m-%dT%H:%M:%S)] nvdisasm-wrapper called with: /tmp/tmpg2bad78c --binary SM100a
[$(date +%Y-%m-%dT%H:%M:%S)] nvdisasm-wrapper called with: /tmp/tmpt14bp6qs --binary SM100a
[$(date +%Y-%m-%dT%H:%M:%S)] nvdisasm-wrapper called with: /tmp/tmp53uq1v6l --binary SM100a
[$(date +%Y-%m-%dT%H:%M:%S)] nvdisasm-wrapper called with: /tmp/tmpcnqvyd_9 --binary SM100a
[$(date +%Y-%m-%dT%H:%M:%S)] nvdisasm-wrapper called with: /tmp/tmpbzec__8i --binary SM100a
[$(date +%Y-%m-%dT%H:%M:%S)] nvdisasm-wrapper called with: /tmp/tmpsjk2unpw --binary SM100a
[$(date +%Y-%m-%dT%H:%M:%S)] nvdisasm-wrapper called with: /tmp/tmpk4bznpxo --binary SM100a
[$(date +%Y-%m-%dT%H:%M:%S)] nvdisasm-wrapper called with: /tmp/tmp7olnlzkm --binary SM100a
[$(date +%Y-%m-%dT%H:%M:%S)] nvdisasm-wrapper called with: /tmp/tmprp_lefkd --binary SM100a
[$(date +%Y-%m-%dT%H:%M:%S)] nvdisasm-wrapper called with: /tmp/tmpb1jy8r_w --binary SM100a
[$(date +%Y-%m-%dT%H:%M:%S)] nvdisasm-wrapper called with: /tmp/tmpgfaxtt_1 --binary SM100a
[$(date +%Y-%m-%dT%H:%M:%S)] nvdisasm-wrapper called with: /tmp/tmpxh_glr6q --binary SM100a
[$(date +%Y-%m-%dT%H:%M:%S)] nvdisasm-wrapper called with: /tmp/tmprya_3mnx --binary SM100a
[$(date +%Y-%m-%dT%H:%M:%S)] nvdisasm-wrapper called with: /tmp/tmpotx845fv --binary SM100a
[$(date +%Y-%m-%dT%H:%M:%S)] nvdisasm-wrapper called with: /tmp/tmpe3zbo5hm --binary SM100a
[$(date +%Y-%m-%dT%H:%M:%S)] nvdisasm-wrapper called with: /tmp/tmp63aohdj4 --binary SM100a
[$(date +%Y-%m-%dT%H:%M:%S)] nvdisasm-wrapper called with: /tmp/tmphgr5ac3g --binary SM100a
[$(date +%Y-%m-%dT%H:%M:%S)] nvdisasm-wrapper called with: /tmp/tmpe7iz8q5s --binary SM100a
[$(date +%Y-%m-%dT%H:%M:%S)] nvdisasm-wrapper called with: /tmp/tmp4s8qllvu --binary SM100a
[$(date +%Y-%m-%dT%H:%M:%S)] nvdisasm-wrapper called with: /tmp/tmp48b8l3i3 --binary SM100a
[$(date +%Y-%m-%dT%H:%M:%S)] nvdisasm-wrapper called with: /tmp/tmpxwspo0nm --binary SM100a
[$(date +%Y-%m-%dT%H:%M:%S)] nvdisasm-wrapper called with: /tmp/tmpcyjg3lxv --binary SM100a
[$(date +%Y-%m-%dT%H:%M:%S)] nvdisasm-wrapper called with: /tmp/tmplqxu9gv4 --binary SM100a
[$(date +%Y-%m-%dT%H:%M:%S)] nvdisasm-wrapper called with: /tmp/tmprqhy0pc4 --binary SM100a
[$(date +%Y-%m-%dT%H:%M:%S)] nvdisasm-wrapper called with: /tmp/tmpvmqdzcza --binary SM100a
[$(date +%Y-%m-%dT%H:%M:%S)] nvdisasm-wrapper called with: /tmp/tmp9wbio3i8 --binary SM100a
[$(date +%Y-%m-%dT%H:%M:%S)] nvdisasm-wrapper called with: /tmp/tmpb4mggiv4 --binary SM100a
[$(date +%Y-%m-%dT%H:%M:%S)] nvdisasm-wrapper called with: /tmp/tmpsw3jwtf2 --binary SM100a
[$(date +%Y-%m-%dT%H:%M:%S)] nvdisasm-wrapper called with: /tmp/tmpozmy59nf --binary SM100a
[$(date +%Y-%m-%dT%H:%M:%S)] nvdisasm-wrapper called with: /tmp/tmpwfqmpu71 --binary SM100a
[$(date +%Y-%m-%dT%H:%M:%S)] nvdisasm-wrapper called with: /tmp/tmpihohmoyq --binary SM100a
[$(date +%Y-%m-%dT%H:%M:%S)] nvdisasm-wrapper called with: /tmp/tmp8k2uw3gw --binary SM100a
[$(date +%Y-%m-%dT%H:%M:%S)] nvdisasm-wrapper called with: /tmp/tmp6nskja8f --binary SM100a
[$(date +%Y-%m-%dT%H:%M:%S)] nvdisasm-wrapper called with: /tmp/tmpr95g63s2 --binary SM100a
[$(date +%Y-%m-%dT%H:%M:%S)] nvdisasm-wrapper called with: /tmp/tmprg9ltj45 --binary SM100a
[$(date +%Y-%m-%dT%H:%M:%S)] nvdisasm-wrapper called with: /tmp/tmpq9ggoqa1 --binary SM100a
[$(date +%Y-%m-%dT%H:%M:%S)] nvdisasm-wrapper called with: /tmp/tmpmlanvuvg --binary SM100a
[$(date +%Y-%m-%dT%H:%M:%S)] nvdisasm-wrapper called with: /tmp/tmpkrffbm__ --binary SM100a
[$(date +%Y-%m-%dT%H:%M:%S)] nvdisasm-wrapper called with: /tmp/tmpe1k7v4lt --binary SM100a
[$(date +%Y-%m-%dT%H:%M:%S)] nvdisasm-wrapper called with: /tmp/tmpq2i730r5 --binary SM100a
[$(date +%Y-%m-%dT%H:%M:%S)] nvdisasm-wrapper called with: /tmp/tmp1_sy_k1q --binary SM100a
[$(date +%Y-%m-%dT%H:%M:%S)] nvdisasm-wrapper called with: /tmp/tmpc28p44ou --binary SM100a
[$(date +%Y-%m-%dT%H:%M:%S)] nvdisasm-wrapper called with: /tmp/tmpn31g056n --binary SM100a
[$(date +%Y-%m-%dT%H:%M:%S)] nvdisasm-wrapper called with: /tmp/tmprg_i0vxg --print-life-ranges
[$(date +%Y-%m-%dT%H:%M:%S)] nvdisasm-wrapper called with: /tmp/tmpewubsdcf --binary SM100a
[$(date +%Y-%m-%dT%H:%M:%S)] nvdisasm-wrapper called with: /tmp/tmp2igdhaky --binary SM100a
[$(date +%Y-%m-%dT%H:%M:%S)] nvdisasm-wrapper called with: /tmp/tmpjo1kh9ts --binary SM100a
[$(date +%Y-%m-%dT%H:%M:%S)] nvdisasm-wrapper called with: /tmp/tmpnmz_2h_q --binary SM100a
[$(date +%Y-%m-%dT%H:%M:%S)] nvdisasm-wrapper called with: /tmp/tmpbj0e4m80 --binary SM100a
[$(date +%Y-%m-%dT%H:%M:%S)] nvdisasm-wrapper called with: /tmp/tmpqgc1g3kn --binary SM100a
[$(date +%Y-%m-%dT%H:%M:%S)] nvdisasm-wrapper called with: /tmp/tmpmo1vgyic --binary SM100a
[$(date +%Y-%m-%dT%H:%M:%S)] nvdisasm-wrapper called with: /tmp/tmp42g80v10 --binary SM100a
[$(date +%Y-%m-%dT%H:%M:%S)] nvdisasm-wrapper called with: /tmp/tmp6lxjxwt8 --binary SM100a
[$(date +%Y-%m-%dT%H:%M:%S)] nvdisasm-wrapper called with: /tmp/tmpw729yza0 --binary SM100a
[$(date +%Y-%m-%dT%H:%M:%S)] nvdisasm-wrapper called with: /tmp/tmpr1bnrfxu --binary SM100a
[$(date +%Y-%m-%dT%H:%M:%S)] nvdisasm-wrapper called with: /tmp/tmpd5jepcg8 --binary SM100a
[$(date +%Y-%m-%dT%H:%M:%S)] nvdisasm-wrapper called with: /tmp/tmp8_jo4tv9 --binary SM100a
[$(date +%Y-%m-%dT%H:%M:%S)] nvdisasm-wrapper called with: /tmp/tmp69xoxxhy --binary SM100a
[$(date +%Y-%m-%dT%H:%M:%S)] nvdisasm-wrapper called with: /tmp/tmppga9evtu --binary SM100a
[$(date +%Y-%m-%dT%H:%M:%S)] nvdisasm-wrapper called with: /tmp/tmp_jti9rvx --binary SM100a
[$(date +%Y-%m-%dT%H:%M:%S)] nvdisasm-wrapper called with: /tmp/tmpifqhh5jx --binary SM100a
[$(date +%Y-%m-%dT%H:%M:%S)] nvdisasm-wrapper called with: /tmp/tmpj06sz9yi --binary SM100a
[$(date +%Y-%m-%dT%H:%M:%S)] nvdisasm-wrapper called with: /tmp/tmppcuwen8a --binary SM100a
[$(date +%Y-%m-%dT%H:%M:%S)] nvdisasm-wrapper called with: /tmp/tmp7w1xdrw8 --binary SM100a
[$(date +%Y-%m-%dT%H:%M:%S)] nvdisasm-wrapper called with: /tmp/tmpnv6s2kmi --binary SM100a
[$(date +%Y-%m-%dT%H:%M:%S)] nvdisasm-wrapper called with: /tmp/tmp_bqzct58 --binary SM100a
[$(date +%Y-%m-%dT%H:%M:%S)] nvdisasm-wrapper called with: /tmp/tmpxp40y7xw --binary SM100a
[$(date +%Y-%m-%dT%H:%M:%S)] nvdisasm-wrapper called with: /tmp/tmp8c6kqq4x --binary SM100a
[$(date +%Y-%m-%dT%H:%M:%S)] nvdisasm-wrapper called with: /tmp/tmpqjz7zlhy --binary SM100a
[$(date +%Y-%m-%dT%H:%M:%S)] nvdisasm-wrapper called with: /tmp/tmpdi5v2j_3 --binary SM100a
[$(date +%Y-%m-%dT%H:%M:%S)] nvdisasm-wrapper called with: /tmp/tmpr1m6wnte --binary SM100a
[$(date +%Y-%m-%dT%H:%M:%S)] nvdisasm-wrapper called with: /tmp/tmpx4e13799 --binary SM100a
[$(date +%Y-%m-%dT%H:%M:%S)] nvdisasm-wrapper called with: /tmp/tmpajl5p9jo --binary SM100a
[$(date +%Y-%m-%dT%H:%M:%S)] nvdisasm-wrapper called with: /tmp/tmp6lgu1i4h --binary SM100a
[$(date +%Y-%m-%dT%H:%M:%S)] nvdisasm-wrapper called with: /tmp/tmp8jpz9zy_ --binary SM100a
[$(date +%Y-%m-%dT%H:%M:%S)] nvdisasm-wrapper called with: /tmp/tmppnqt2zg0 --binary SM100a
[$(date +%Y-%m-%dT%H:%M:%S)] nvdisasm-wrapper called with: /tmp/tmp1_y32vs8 --binary SM100a
[$(date +%Y-%m-%dT%H:%M:%S)] nvdisasm-wrapper called with: /tmp/tmpe3vesucl --binary SM100a
[$(date +%Y-%m-%dT%H:%M:%S)] nvdisasm-wrapper called with: /tmp/tmpzr_rf27r --binary SM100a
[$(date +%Y-%m-%dT%H:%M:%S)] nvdisasm-wrapper called with: /tmp/tmpa8hjyf0_ --binary SM100a
[$(date +%Y-%m-%dT%H:%M:%S)] nvdisasm-wrapper called with: /tmp/tmprqlokkec --binary SM100a
[$(date +%Y-%m-%dT%H:%M:%S)] nvdisasm-wrapper called with: /tmp/tmpdt0hzlsx --binary SM100a
[$(date +%Y-%m-%dT%H:%M:%S)] nvdisasm-wrapper called with: /tmp/tmpctftjd2f --binary SM100a
[$(date +%Y-%m-%dT%H:%M:%S)] nvdisasm-wrapper called with: /tmp/tmp6d38cyr3 --binary SM100a
[$(date +%Y-%m-%dT%H:%M:%S)] nvdisasm-wrapper called with: /tmp/tmpiozdeod6 --binary SM100a
[$(date +%Y-%m-%dT%H:%M:%S)] nvdisasm-wrapper called with: /tmp/tmptu43yaix --binary SM100a
[$(date +%Y-%m-%dT%H:%M:%S)] nvdisasm-wrapper called with: /tmp/tmp2mpjtcae --binary SM100a
[$(date +%Y-%m-%dT%H:%M:%S)] nvdisasm-wrapper called with: /tmp/tmpbb0wjr4q --binary SM100a
[$(date +%Y-%m-%dT%H:%M:%S)] nvdisasm-wrapper called with: /tmp/tmpjuqocfaw --binary SM100a
[$(date +%Y-%m-%dT%H:%M:%S)] nvdisasm-wrapper called with: /tmp/tmpak6oeo0v --binary SM100a
[$(date +%Y-%m-%dT%H:%M:%S)] nvdisasm-wrapper called with: /tmp/tmpvch0pikj --binary SM100a
[$(date +%Y-%m-%dT%H:%M:%S)] nvdisasm-wrapper called with: /tmp/tmphybc9s2d --binary SM100a
[$(date +%Y-%m-%dT%H:%M:%S)] nvdisasm-wrapper called with: /tmp/tmpvxck5c3r --binary SM100a
[$(date +%Y-%m-%dT%H:%M:%S)] nvdisasm-wrapper called with: /tmp/tmp21pr9vvr --binary SM100a
[$(date +%Y-%m-%dT%H:%M:%S)] nvdisasm-wrapper called with: /tmp/tmpt_qkjvmd --binary SM100a
[$(date +%Y-%m-%dT%H:%M:%S)] nvdisasm-wrapper called with: /tmp/tmpx2lfhxf3 --binary SM100a
[$(date +%Y-%m-%dT%H:%M:%S)] nvdisasm-wrapper called with: /tmp/tmpb8zwmcyo --binary SM100a
[$(date +%Y-%m-%dT%H:%M:%S)] nvdisasm-wrapper called with: /tmp/tmp3hbwu06f --binary SM100a
[$(date +%Y-%m-%dT%H:%M:%S)] nvdisasm-wrapper called with: /tmp/tmp8fl3edc_ --binary SM100a
[$(date +%Y-%m-%dT%H:%M:%S)] nvdisasm-wrapper called with: /tmp/tmpj1kq12im --binary SM100a
[$(date +%Y-%m-%dT%H:%M:%S)] nvdisasm-wrapper called with: /tmp/tmpoey6ahzg --binary SM100a
[$(date +%Y-%m-%dT%H:%M:%S)] nvdisasm-wrapper called with: /tmp/tmpy1a0x68_ --binary SM100a
[$(date +%Y-%m-%dT%H:%M:%S)] nvdisasm-wrapper called with: /tmp/tmpwc7czk2b --binary SM100a
[$(date +%Y-%m-%dT%H:%M:%S)] nvdisasm-wrapper called with: /tmp/tmp6u1006li --binary SM100a
[$(date +%Y-%m-%dT%H:%M:%S)] nvdisasm-wrapper called with: /tmp/tmpibl6ell2 --binary SM100a
[$(date +%Y-%m-%dT%H:%M:%S)] nvdisasm-wrapper called with: /tmp/tmps_xhaec3 --binary SM100a
[$(date +%Y-%m-%dT%H:%M:%S)] nvdisasm-wrapper called with: /tmp/tmpd_0gr0dz --binary SM100a
[$(date +%Y-%m-%dT%H:%M:%S)] nvdisasm-wrapper called with: /tmp/tmp5i9s224n --binary SM100a
[$(date +%Y-%m-%dT%H:%M:%S)] nvdisasm-wrapper called with: /tmp/tmp9mmoqs25 --binary SM100a
[$(date +%Y-%m-%dT%H:%M:%S)] nvdisasm-wrapper called with: /tmp/tmp56aqk1in --binary SM100a
[$(date +%Y-%m-%dT%H:%M:%S)] nvdisasm-wrapper called with: /tmp/tmpc_gucbt6 --binary SM100a
[$(date +%Y-%m-%dT%H:%M:%S)] nvdisasm-wrapper called with: /tmp/tmpa5zvl04u --binary SM100a
[$(date +%Y-%m-%dT%H:%M:%S)] nvdisasm-wrapper called with: /tmp/tmpfehsy44q --binary SM100a
[$(date +%Y-%m-%dT%H:%M:%S)] nvdisasm-wrapper called with: /tmp/tmpy7vxrd6_ --binary SM100a
[$(date +%Y-%m-%dT%H:%M:%S)] nvdisasm-wrapper called with: /tmp/tmpito47opu --binary SM100a
[$(date +%Y-%m-%dT%H:%M:%S)] nvdisasm-wrapper called with: /tmp/tmpr2bxf4av --binary SM100a
[$(date +%Y-%m-%dT%H:%M:%S)] nvdisasm-wrapper called with: /tmp/tmp80gtyyxq --binary SM100a
[$(date +%Y-%m-%dT%H:%M:%S)] nvdisasm-wrapper called with: /tmp/tmpw99bay7v --binary SM100a
[$(date +%Y-%m-%dT%H:%M:%S)] nvdisasm-wrapper called with: /tmp/tmpl4h6kzaw --binary SM100a
[$(date +%Y-%m-%dT%H:%M:%S)] nvdisasm-wrapper called with: /tmp/tmpt8duwbu8 --binary SM100a
[$(date +%Y-%m-%dT%H:%M:%S)] nvdisasm-wrapper called with: /tmp/tmplratj_u4 --binary SM100a
[$(date +%Y-%m-%dT%H:%M:%S)] nvdisasm-wrapper called with: /tmp/tmpdifd4kj4 --binary SM100a
[$(date +%Y-%m-%dT%H:%M:%S)] nvdisasm-wrapper called with: /tmp/tmpislu0deo --binary SM100a
[$(date +%Y-%m-%dT%H:%M:%S)] nvdisasm-wrapper called with: /tmp/tmpg47mws5_ --binary SM100a
[$(date +%Y-%m-%dT%H:%M:%S)] nvdisasm-wrapper called with: /tmp/tmpot17b158 --binary SM100a
[$(date +%Y-%m-%dT%H:%M:%S)] nvdisasm-wrapper called with: /tmp/tmphb6d017n --binary SM100a
[$(date +%Y-%m-%dT%H:%M:%S)] nvdisasm-wrapper called with: /tmp/tmpb9faq41k --binary SM100a
[$(date +%Y-%m-%dT%H:%M:%S)] nvdisasm-wrapper called with: /tmp/tmp7clhz5_p --binary SM100a
[$(date +%Y-%m-%dT%H:%M:%S)] nvdisasm-wrapper called with: /tmp/tmpf0yz09lm --binary SM100a
[$(date +%Y-%m-%dT%H:%M:%S)] nvdisasm-wrapper called with: /tmp/tmpsgvaijww --binary SM100a
[$(date +%Y-%m-%dT%H:%M:%S)] nvdisasm-wrapper called with: /tmp/tmpakjns27a --binary SM100a
[$(date +%Y-%m-%dT%H:%M:%S)] nvdisasm-wrapper called with: /tmp/tmpyky5wrlw --binary SM100a
[$(date +%Y-%m-%dT%H:%M:%S)] nvdisasm-wrapper called with: /tmp/tmp20k2morg --binary SM100a
[$(date +%Y-%m-%dT%H:%M:%S)] nvdisasm-wrapper called with: /tmp/tmpugov2491 --binary SM100a
[$(date +%Y-%m-%dT%H:%M:%S)] nvdisasm-wrapper called with: /tmp/tmp_8qrqauf --binary SM100a
[$(date +%Y-%m-%dT%H:%M:%S)] nvdisasm-wrapper called with: /tmp/tmp6_583cmc --binary SM100a
[$(date +%Y-%m-%dT%H:%M:%S)] nvdisasm-wrapper called with: /tmp/tmpykol735l --binary SM100a
[$(date +%Y-%m-%dT%H:%M:%S)] nvdisasm-wrapper called with: /tmp/tmpcr3d631c --binary SM100a
[$(date +%Y-%m-%dT%H:%M:%S)] nvdisasm-wrapper called with: /tmp/tmpwmsc6c6n --binary SM100a
[$(date +%Y-%m-%dT%H:%M:%S)] nvdisasm-wrapper called with: /tmp/tmpmw1jagp4 --binary SM100a
[$(date +%Y-%m-%dT%H:%M:%S)] nvdisasm-wrapper called with: /tmp/tmp7_269xs6 --binary SM100a
[$(date +%Y-%m-%dT%H:%M:%S)] nvdisasm-wrapper called with: /tmp/tmpltkr1fve --binary SM100a
[$(date +%Y-%m-%dT%H:%M:%S)] nvdisasm-wrapper called with: /tmp/tmpydiz5fo7 --binary SM100a
[$(date +%Y-%m-%dT%H:%M:%S)] nvdisasm-wrapper called with: /tmp/tmpz230zv89 --binary SM100a
[$(date +%Y-%m-%dT%H:%M:%S)] nvdisasm-wrapper called with: /tmp/tmp3h2bd9bs --binary SM100a
[$(date +%Y-%m-%dT%H:%M:%S)] nvdisasm-wrapper called with: /tmp/tmpe47mqwti --binary SM100a
[$(date +%Y-%m-%dT%H:%M:%S)] nvdisasm-wrapper called with: /tmp/tmpzrizeijh --binary SM100a
[$(date +%Y-%m-%dT%H:%M:%S)] nvdisasm-wrapper called with: /tmp/tmpi73fxls8 --binary SM100a
[$(date +%Y-%m-%dT%H:%M:%S)] nvdisasm-wrapper called with: /tmp/tmputfmnprw --binary SM100a
[$(date +%Y-%m-%dT%H:%M:%S)] nvdisasm-wrapper called with: /tmp/tmpuc5zkjue --binary SM100a
[$(date +%Y-%m-%dT%H:%M:%S)] nvdisasm-wrapper called with: /tmp/tmpb77e76_c --binary SM100a
[$(date +%Y-%m-%dT%H:%M:%S)] nvdisasm-wrapper called with: /tmp/tmporcf4skg --binary SM100a
[$(date +%Y-%m-%dT%H:%M:%S)] nvdisasm-wrapper called with: /tmp/tmp6nhc6_9y --binary SM100a
[$(date +%Y-%m-%dT%H:%M:%S)] nvdisasm-wrapper called with: /tmp/tmp4hdiv_3c --binary SM100a
[$(date +%Y-%m-%dT%H:%M:%S)] nvdisasm-wrapper called with: /tmp/tmp6wdz9zy2 --binary SM100a
[$(date +%Y-%m-%dT%H:%M:%S)] nvdisasm-wrapper called with: /tmp/tmpzsp302d6 --binary SM100a
[$(date +%Y-%m-%dT%H:%M:%S)] nvdisasm-wrapper called with: /tmp/tmpblaeylde --binary SM100a
[$(date +%Y-%m-%dT%H:%M:%S)] nvdisasm-wrapper called with: /tmp/tmp_c32kwek --binary SM100a
[$(date +%Y-%m-%dT%H:%M:%S)] nvdisasm-wrapper called with: /tmp/tmpdv037l_l --binary SM100a
[$(date +%Y-%m-%dT%H:%M:%S)] nvdisasm-wrapper called with: /tmp/tmpujcv94bw --binary SM100a
[$(date +%Y-%m-%dT%H:%M:%S)] nvdisasm-wrapper called with: /tmp/tmp7i2h6inr --binary SM100a
[$(date +%Y-%m-%dT%H:%M:%S)] nvdisasm-wrapper called with: /tmp/tmp_273u1xf --binary SM100a
[$(date +%Y-%m-%dT%H:%M:%S)] nvdisasm-wrapper called with: /tmp/tmp9ubx_de7 --binary SM100a
[$(date +%Y-%m-%dT%H:%M:%S)] nvdisasm-wrapper called with: /tmp/tmpnyxrb7qx --binary SM100a
[$(date +%Y-%m-%dT%H:%M:%S)] nvdisasm-wrapper called with: /tmp/tmpo9729iuz --binary SM100a
[$(date +%Y-%m-%dT%H:%M:%S)] nvdisasm-wrapper called with: /tmp/tmplaz3hxdr --binary SM100a
[$(date +%Y-%m-%dT%H:%M:%S)] nvdisasm-wrapper called with: /tmp/tmppceiui6w --binary SM100a
[$(date +%Y-%m-%dT%H:%M:%S)] nvdisasm-wrapper called with: /tmp/tmp47rloxoc --binary SM100a
[$(date +%Y-%m-%dT%H:%M:%S)] nvdisasm-wrapper called with: /tmp/tmpssdpl_85 --binary SM100a
[$(date +%Y-%m-%dT%H:%M:%S)] nvdisasm-wrapper called with: /tmp/tmpt2_491mq --binary SM100a
[$(date +%Y-%m-%dT%H:%M:%S)] nvdisasm-wrapper called with: /tmp/tmpp8lmcpwn --binary SM100a
[$(date +%Y-%m-%dT%H:%M:%S)] nvdisasm-wrapper called with: /tmp/tmpfda_2bnp --binary SM100a
[$(date +%Y-%m-%dT%H:%M:%S)] nvdisasm-wrapper called with: /tmp/tmpyk8okqcz --binary SM100a
[$(date +%Y-%m-%dT%H:%M:%S)] nvdisasm-wrapper called with: /tmp/tmpg4emr4oj --binary SM100a
[$(date +%Y-%m-%dT%H:%M:%S)] nvdisasm-wrapper called with: /tmp/tmpaoxpnoxg --print-life-ranges
[$(date +%Y-%m-%dT%H:%M:%S)] nvdisasm-wrapper called with: /tmp/tmphsszhgfs --print-life-ranges
[$(date +%Y-%m-%dT%H:%M:%S)] nvdisasm-wrapper called with: /tmp/tmppukxazl_ --print-life-ranges
[$(date +%Y-%m-%dT%H:%M:%S)] nvdisasm-wrapper called with: /tmp/tmp3fq871sb --print-life-ranges
[$(date +%Y-%m-%dT%H:%M:%S)] nvdisasm-wrapper called with: /tmp/tmpq0uabn1i --print-life-ranges
[$(date +%Y-%m-%dT%H:%M:%S)] nvdisasm-wrapper called with: /tmp/tmpr6stpcw6 --print-life-ranges
[$(date +%Y-%m-%dT%H:%M:%S)] nvdisasm-wrapper called with: /tmp/tmpmndlhbg7 --print-life-ranges
[$(date +%Y-%m-%dT%H:%M:%S)] nvdisasm-wrapper called with: /tmp/tmprw84198s --print-life-ranges
[$(date +%Y-%m-%dT%H:%M:%S)] nvdisasm-wrapper called with: /tmp/tmpk5zmnkrb --print-life-ranges
[$(date +%Y-%m-%dT%H:%M:%S)] nvdisasm-wrapper called with: /tmp/tmp5udxk_1m --print-life-ranges
[$(date +%Y-%m-%dT%H:%M:%S)] nvdisasm-wrapper called with: /tmp/tmpj56ybgj8 --print-life-ranges
[$(date +%Y-%m-%dT%H:%M:%S)] nvdisasm-wrapper called with: /tmp/tmpa1quug4u --print-life-ranges
[$(date +%Y-%m-%dT%H:%M:%S)] nvdisasm-wrapper called with: /tmp/tmpce2i3b0a --print-life-ranges
[$(date +%Y-%m-%dT%H:%M:%S)] nvdisasm-wrapper called with: /tmp/tmp6hxt3qdw --print-life-ranges
[$(date +%Y-%m-%dT%H:%M:%S)] nvdisasm-wrapper called with: /tmp/tmpj8jqv1l3 --print-life-ranges
[$(date +%Y-%m-%dT%H:%M:%S)] nvdisasm-wrapper called with: /tmp/tmpbvii91kq --print-life-ranges
[$(date +%Y-%m-%dT%H:%M:%S)] nvdisasm-wrapper called with: /tmp/tmp28u_tluq --print-life-ranges
[$(date +%Y-%m-%dT%H:%M:%S)] nvdisasm-wrapper called with: /tmp/tmpt4g4g658 --print-life-ranges
[$(date +%Y-%m-%dT%H:%M:%S)] nvdisasm-wrapper called with: /tmp/tmpgbsytme_ --print-life-ranges
[$(date +%Y-%m-%dT%H:%M:%S)] nvdisasm-wrapper called with: /tmp/tmphs35z6ye --print-life-ranges
[$(date +%Y-%m-%dT%H:%M:%S)] nvdisasm-wrapper called with: /tmp/tmpgmd2aanq --print-life-ranges
[$(date +%Y-%m-%dT%H:%M:%S)] nvdisasm-wrapper called with: /tmp/tmpgb1qlyyg --print-life-ranges
[$(date +%Y-%m-%dT%H:%M:%S)] nvdisasm-wrapper called with: /tmp/tmp42e2kyqj --print-life-ranges
[$(date +%Y-%m-%dT%H:%M:%S)] nvdisasm-wrapper called with: /tmp/tmpsl1440ww --print-life-ranges
[$(date +%Y-%m-%dT%H:%M:%S)] nvdisasm-wrapper called with: /tmp/tmphgnayjic --print-life-ranges
[$(date +%Y-%m-%dT%H:%M:%S)] nvdisasm-wrapper called with: /tmp/tmpwpfjlfsi --print-life-ranges
[$(date +%Y-%m-%dT%H:%M:%S)] nvdisasm-wrapper called with: /tmp/tmps15gzw5r --print-life-ranges
[$(date +%Y-%m-%dT%H:%M:%S)] nvdisasm-wrapper called with: /tmp/tmpddn808yo --print-life-ranges
[$(date +%Y-%m-%dT%H:%M:%S)] nvdisasm-wrapper called with: /tmp/tmpnnmbqoea --binary SM100a
file_hex: 3e7202ff040000007f00000000000000
[$(date +%Y-%m-%dT%H:%M:%S)] nvdisasm-wrapper called with: /tmp/tmptgrgpyb_ --binary SM100a
file_hex: 3e7202ff04000000bf00000000000000
[$(date +%Y-%m-%dT%H:%M:%S)] nvdisasm-wrapper called with: /tmp/tmp73jr0qne --binary SM100a
file_hex: 3e7202ff04000000df00000000000000
[$(date +%Y-%m-%dT%H:%M:%S)] nvdisasm-wrapper called with: /tmp/tmpjlzmypbk --binary SM100a
file_hex: 3e7202ff04000000ef00000000000000
[$(date +%Y-%m-%dT%H:%M:%S)] nvdisasm-wrapper called with: /tmp/tmp88xw93l7 --binary SM100a
file_hex: 3e7202ff04000000f700000000000000
[$(date +%Y-%m-%dT%H:%M:%S)] nvdisasm-wrapper called with: /tmp/tmpcl727tt7 --binary SM100a
file_hex: 3e7202ff04000000fb00000000000000
[$(date +%Y-%m-%dT%H:%M:%S)] nvdisasm-wrapper called with: /tmp/tmp_vwvj3l9 --binary SM100a
file_hex: 3e7202ff04000000fd00000000000000
[$(date +%Y-%m-%dT%H:%M:%S)] nvdisasm-wrapper called with: /tmp/tmp04bzcdf9 --binary SM100a
file_hex: 3e7202ff04000000fe00000000000000
[$(date +%Y-%m-%dT%H:%M:%S)] nvdisasm-wrapper called with: /tmp/tmpoxjcy_xl --binary SM100a
file_hex: 3e7202ff00000000ff00000000000000
[$(date +%Y-%m-%dT%H:%M:%S)] nvdisasm-wrapper called with: /tmp/tmp7aud5nyw --binary SM100a
file_hex: 3e72027f04000000ff00000000000000
[$(date +%Y-%m-%dT%H:%M:%S)] nvdisasm-wrapper called with: /tmp/tmpr26ctfqc --binary SM100a
file_hex: 3e7202bf04000000ff00000000000000
[$(date +%Y-%m-%dT%H:%M:%S)] nvdisasm-wrapper called with: /tmp/tmpk9e_oyn6 --binary SM100a
file_hex: 3e7202df04000000ff00000000000000
[$(date +%Y-%m-%dT%H:%M:%S)] nvdisasm-wrapper called with: /tmp/tmp7bih1_r2 --binary SM100a
file_hex: 3e7202ef04000000ff00000000000000
[$(date +%Y-%m-%dT%H:%M:%S)] nvdisasm-wrapper called with: /tmp/tmpscodgod4 --binary SM100a
file_hex: 3e7202f704000000ff00000000000000
[$(date +%Y-%m-%dT%H:%M:%S)] nvdisasm-wrapper called with: /tmp/tmpo397y90o --binary SM100a
file_hex: 3e7202fb04000000ff00000000000000
[$(date +%Y-%m-%dT%H:%M:%S)] nvdisasm-wrapper called with: /tmp/tmp1ge8t68v --binary SM100a
file_hex: 3e7202fd04000000ff00000000000000
[$(date +%Y-%m-%dT%H:%M:%S)] nvdisasm-wrapper called with: /tmp/tmp3tilr_hm --binary SM100a
file_hex: 3e7202fe04000000ff00000000000000
[$(date +%Y-%m-%dT%H:%M:%S)] nvdisasm-wrapper called with: /tmp/tmpx8u3ejux --binary SM100a
file_hex: 3e7200ff04000000ff00000000000000
[$(date +%Y-%m-%dT%H:%M:%S)] nvdisasm-wrapper called with: /tmp/tmpsdogox7s --binary SM100a
file_hex: 3e3202ff04000000ff00000000000000
[$(date +%Y-%m-%dT%H:%M:%S)] nvdisasm-wrapper called with: /tmp/tmpjf8v1awn --binary SM100a
file_hex: 3e5202ff04000000ff00000000000000
[$(date +%Y-%m-%dT%H:%M:%S)] nvdisasm-wrapper called with: /tmp/tmpwaind093 --binary SM100a
file_hex: 3e6202ff04000000ff00000000000000
[$(date +%Y-%m-%dT%H:%M:%S)] nvdisasm-wrapper called with: /tmp/tmpt8dw_85r --binary SM100a
file_hex: 3e7002ff04000000ff00000000000000
[$(date +%Y-%m-%dT%H:%M:%S)] nvdisasm-wrapper called with: /tmp/tmp2j6hkm0r --binary SM100a
file_hex: 1e7202ff04000000ff00000000000000
[$(date +%Y-%m-%dT%H:%M:%S)] nvdisasm-wrapper called with: /tmp/tmprih48fh3 --binary SM100a
file_hex: 2e7202ff04000000ff00000000000000
[$(date +%Y-%m-%dT%H:%M:%S)] nvdisasm-wrapper called with: /tmp/tmpez19v8k_ --binary SM100a
file_hex: 367202ff04000000ff00000000000000
[$(date +%Y-%m-%dT%H:%M:%S)] nvdisasm-wrapper called with: /tmp/tmp3aeep5oo --binary SM100a
file_hex: 3a7202ff04000000ff00000000000000
[$(date +%Y-%m-%dT%H:%M:%S)] nvdisasm-wrapper called with: /tmp/tmp1t0vjnwq --binary SM100a
file_hex: 3c7202ff04000000ff00000000000000
[$(date +%Y-%m-%dT%H:%M:%S)] nvdisasm-wrapper called with: /tmp/tmpat8tvlbo --binary SM100a
[$(date +%Y-%m-%dT%H:%M:%S)] nvdisasm-wrapper called with: /tmp/tmp37ulkmdu --binary SM100a
[$(date +%Y-%m-%dT%H:%M:%S)] nvdisasm-wrapper called with: /tmp/tmpgd_mamj6 --binary SM100a
[$(date +%Y-%m-%dT%H:%M:%S)] nvdisasm-wrapper called with: /tmp/tmp7c2paeub --binary SM100a
file_hex: 3f7202ff04000000ff00000000000000
file_hex: 7e7202ff04000000ff00000000000000
[$(date +%Y-%m-%dT%H:%M:%S)] nvdisasm-wrapper called with: /tmp/tmpg84syadg --binary SM100a
[$(date +%Y-%m-%dT%H:%M:%S)] nvdisasm-wrapper called with: /tmp/tmpe0tyktwx --binary SM100a
[$(date +%Y-%m-%dT%H:%M:%S)] nvdisasm-wrapper called with: /tmp/tmp36z4bc_n --binary SM100a
file_hex: be7202ff04000000ff00000000000000
file_hex: 3e7302ff04000000ff00000000000000
[$(date +%Y-%m-%dT%H:%M:%S)] nvdisasm-wrapper called with: /tmp/tmp8p4v0qmr --binary SM100a
[$(date +%Y-%m-%dT%H:%M:%S)] nvdisasm-wrapper called with: /tmp/tmp_0qthmqj --binary SM100a
file_hex: 3e7203ff04000000ff00000000000000
[$(date +%Y-%m-%dT%H:%M:%S)] nvdisasm-wrapper called with: /tmp/tmp46t1qgpm --binary SM100a
file_hex: 3e7a02ff04000000ff00000000000000
[$(date +%Y-%m-%dT%H:%M:%S)] nvdisasm-wrapper called with: /tmp/tmp1ctcor_p --binary SM100a
file_hex: 3e7602ff04000000ff00000000000000
[$(date +%Y-%m-%dT%H:%M:%S)] nvdisasm-wrapper called with: /tmp/tmp3xbgcncs --binary SM100a
file_hex: 3e7206ff04000000ff00000000000000
file_hex: 3e720aff04000000ff00000000000000
file_hex: 3ef202ff04000000ff00000000000000
[$(date +%Y-%m-%dT%H:%M:%S)] nvdisasm-wrapper called with: /tmp/tmpb0qe_762 --binary SM100a
[$(date +%Y-%m-%dT%H:%M:%S)] nvdisasm-wrapper called with: /tmp/tmp0semoi22 --binary SM100a
[$(date +%Y-%m-%dT%H:%M:%S)] nvdisasm-wrapper called with: /tmp/tmpntruxw17 --binary SM100a
[$(date +%Y-%m-%dT%H:%M:%S)] nvdisasm-wrapper called with: /tmp/tmpr645ahpi --binary SM100a
[$(date +%Y-%m-%dT%H:%M:%S)] nvdisasm-wrapper called with: /tmp/tmpmkxmw82w --binary SM100a
file_hex: 3e7222ff04000000ff00000000000000
file_hex: 3e7212ff04000000ff00000000000000
[$(date +%Y-%m-%dT%H:%M:%S)] nvdisasm-wrapper called with: /tmp/tmpk9cunm67 --binary SM100a
file_hex: 3e7242ff04000000ff00000000000000
file_hex: 3e7282ff04000000ff00000000000000
[$(date +%Y-%m-%dT%H:%M:%S)] nvdisasm-wrapper called with: /tmp/tmpmcjdj995 --binary SM100a
file_hex: 3e7202ff05000000ff00000000000000
file_hex: 3e7202ff06000000ff00000000000000
[$(date +%Y-%m-%dT%H:%M:%S)] nvdisasm-wrapper called with: /tmp/tmplida08b1 --binary SM100a
file_hex: 3e7202ff14000000ff00000000000000
file_hex: 3e7202ff0c000000ff00000000000000
[$(date +%Y-%m-%dT%H:%M:%S)] nvdisasm-wrapper called with: /tmp/tmpgm__cg60 --binary SM100a
[$(date +%Y-%m-%dT%H:%M:%S)] nvdisasm-wrapper called with: /tmp/tmpsrguetlj --binary SM100a
file_hex: 3e7202ff24000000ff00000000000000
[$(date +%Y-%m-%dT%H:%M:%S)] nvdisasm-wrapper called with: /tmp/tmpqszug_x8 --binary SM100a
file_hex: 3e7202ff44000000ff00000000000000
[$(date +%Y-%m-%dT%H:%M:%S)] nvdisasm-wrapper called with: /tmp/tmpz8rvgnqm --binary SM100a
file_hex: 3e7202ff84000000ff00000000000000
[$(date +%Y-%m-%dT%H:%M:%S)] nvdisasm-wrapper called with: /tmp/tmphk2a_oxs --binary SM100a
file_hex: 3e7202ff04020000ff00000000000000
file_hex: 3e7202ff04010000ff00000000000000
[$(date +%Y-%m-%dT%H:%M:%S)] nvdisasm-wrapper called with: /tmp/tmpt_xxnim2 --binary SM100a
[$(date +%Y-%m-%dT%H:%M:%S)] nvdisasm-wrapper called with: /tmp/tmp9n0l7ees --binary SM100a
file_hex: 3e7202ff04040000ff00000000000000
[$(date +%Y-%m-%dT%H:%M:%S)] nvdisasm-wrapper called with: /tmp/tmp9jvwmmi9 --binary SM100a
file_hex: 3e7202ff04080000ff00000000000000
file_hex: 3e7202ff04100000ff00000000000000
file_hex: 3e7202ff04200000ff00000000000000
file_hex: 3e7202ff04400000ff00000000000000
[$(date +%Y-%m-%dT%H:%M:%S)] nvdisasm-wrapper called with: /tmp/tmpjb46x9uy --binary SM100a
[$(date +%Y-%m-%dT%H:%M:%S)] nvdisasm-wrapper called with: /tmp/tmpwjb1r0rr --binary SM100a
[$(date +%Y-%m-%dT%H:%M:%S)] nvdisasm-wrapper called with: /tmp/tmps3ujexuj --binary SM100a
file_hex: 3e7202ff04800000ff00000000000000
[$(date +%Y-%m-%dT%H:%M:%S)] nvdisasm-wrapper called with: /tmp/tmplsgo9865 --binary SM100a
file_hex: 3e7202ff04000100ff00000000000000
[$(date +%Y-%m-%dT%H:%M:%S)] nvdisasm-wrapper called with: /tmp/tmpakqwh_ht --binary SM100a
file_hex: 3e7202ff04000200ff00000000000000
[$(date +%Y-%m-%dT%H:%M:%S)] nvdisasm-wrapper called with: /tmp/tmpvqz4ks6x --binary SM100a
file_hex: 3e7202ff04000400ff00000000000000
[$(date +%Y-%m-%dT%H:%M:%S)] nvdisasm-wrapper called with: /tmp/tmpud7c_ejo --binary SM100a
file_hex: 3e7202ff04000800ff00000000000000
[$(date +%Y-%m-%dT%H:%M:%S)] nvdisasm-wrapper called with: /tmp/tmp657dhmmp --binary SM100a
file_hex: 3e7202ff04001000ff00000000000000
[$(date +%Y-%m-%dT%H:%M:%S)] nvdisasm-wrapper called with: /tmp/tmpeuhie7q3 --binary SM100a
file_hex: 3e7202ff04002000ff00000000000000
file_hex: 3e7202ff04004000ff00000000000000
[$(date +%Y-%m-%dT%H:%M:%S)] nvdisasm-wrapper called with: /tmp/tmpu_0se1vp --binary SM100a
[$(date +%Y-%m-%dT%H:%M:%S)] nvdisasm-wrapper called with: /tmp/tmpsa5oudyv --binary SM100a
file_hex: 3e7202ff04008000ff00000000000000
file_hex: 3e7202ff04000002ff00000000000000
[$(date +%Y-%m-%dT%H:%M:%S)] nvdisasm-wrapper called with: /tmp/tmp0d22aqas --binary SM100a
[$(date +%Y-%m-%dT%H:%M:%S)] nvdisasm-wrapper called with: /tmp/tmpq8_mh8nf --binary SM100a
file_hex: 3e7202ff04000001ff00000000000000
[$(date +%Y-%m-%dT%H:%M:%S)] nvdisasm-wrapper called with: /tmp/tmp1o371sfz --binary SM100a
[$(date +%Y-%m-%dT%H:%M:%S)] nvdisasm-wrapper called with: /tmp/tmpxiglltso --binary SM100a
[$(date +%Y-%m-%dT%H:%M:%S)] nvdisasm-wrapper called with: /tmp/tmp5juxf1cc --binary SM100a
[$(date +%Y-%m-%dT%H:%M:%S)] nvdisasm-wrapper called with: /tmp/tmpridddspe --binary SM100a
file_hex: 3e7202ff04000004ff00000000000000
[$(date +%Y-%m-%dT%H:%M:%S)] nvdisasm-wrapper called with: /tmp/tmpkyc786dg --binary SM100a
file_hex: 3e7202ff04000008ff00000000000000
[$(date +%Y-%m-%dT%H:%M:%S)] nvdisasm-wrapper called with: /tmp/tmpkqupu0ij --binary SM100a
file_hex: 3e7202ff04000020ff00000000000000
file_hex: 3e7202ff04000040ff00000000000000
file_hex: 3e7202ff04000010ff00000000000000
[$(date +%Y-%m-%dT%H:%M:%S)] nvdisasm-wrapper called with: /tmp/tmpu3rrbb5e --binary SM100a
file_hex: 3e7202ff04000080ff00000000000000
file_hex: 3e7202ff04000000ff01000000000000
[$(date +%Y-%m-%dT%H:%M:%S)] nvdisasm-wrapper called with: /tmp/tmpbk8v0cz6 --binary SM100a
file_hex: 3e7202ff04000000ff02000000000000
[$(date +%Y-%m-%dT%H:%M:%S)] nvdisasm-wrapper called with: /tmp/tmpx1cnq7sz --binary SM100a
[$(date +%Y-%m-%dT%H:%M:%S)] nvdisasm-wrapper called with: /tmp/tmpune5xoka --binary SM100a
[$(date +%Y-%m-%dT%H:%M:%S)] nvdisasm-wrapper called with: /tmp/tmp5eff_bzr --binary SM100a
file_hex: 3e7202ff04000000ff04000000000000
[$(date +%Y-%m-%dT%H:%M:%S)] nvdisasm-wrapper called with: /tmp/tmpcll3mzoz --binary SM100a
file_hex: 3e7202ff04000000ff08000000000000
file_hex: 3e7202ff04000000ff10000000000000
[$(date +%Y-%m-%dT%H:%M:%S)] nvdisasm-wrapper called with: /tmp/tmpa1heb9t0 --binary SM100a
file_hex: 3e7202ff04000000ff20000000000000
file_hex: 3e7202ff04000000ff40000000000000
[$(date +%Y-%m-%dT%H:%M:%S)] nvdisasm-wrapper called with: /tmp/tmpqw0hjgpx --binary SM100a
file_hex: 3e7202ff04000000ff80000000000000
file_hex: 3e7202ff04000000ff00010000000000
[$(date +%Y-%m-%dT%H:%M:%S)] nvdisasm-wrapper called with: /tmp/tmp1cg_7ccj --binary SM100a
file_hex: 3e7202ff04000000ff00020000000000
file_hex: 3e7202ff04000000ff00040000000000
[$(date +%Y-%m-%dT%H:%M:%S)] nvdisasm-wrapper called with: /tmp/tmp1f0u0hiv --binary SM100a
[$(date +%Y-%m-%dT%H:%M:%S)] nvdisasm-wrapper called with: /tmp/tmpns6ud_w1 --binary SM100a
file_hex: 3e7202ff04000000ff00080000000000
[$(date +%Y-%m-%dT%H:%M:%S)] nvdisasm-wrapper called with: /tmp/tmpydygvcej --binary SM100a
[$(date +%Y-%m-%dT%H:%M:%S)] nvdisasm-wrapper called with: /tmp/tmp1yzamd_c --binary SM100a
[$(date +%Y-%m-%dT%H:%M:%S)] nvdisasm-wrapper called with: /tmp/tmp95b3cdcw --binary SM100a
file_hex: 3e7202ff04000000ff00100000000000
[$(date +%Y-%m-%dT%H:%M:%S)] nvdisasm-wrapper called with: /tmp/tmp88yls1ht --binary SM100a
file_hex: 3e7202ff04000000ff00400000000000
[$(date +%Y-%m-%dT%H:%M:%S)] nvdisasm-wrapper called with: /tmp/tmp10pk00gk --binary SM100a
file_hex: 3e7202ff04000000ff00200000000000
file_hex: 3e7202ff04000000ff00800000000000
[$(date +%Y-%m-%dT%H:%M:%S)] nvdisasm-wrapper called with: /tmp/tmpfnzhjqqr --binary SM100a
file_hex: 3e7202ff04000000ff00000200000000
[$(date +%Y-%m-%dT%H:%M:%S)] nvdisasm-wrapper called with: /tmp/tmpmu8k0gwz --binary SM100a
file_hex: 3e7202ff04000000ff00000100000000
file_hex: 3e7202ff04000000ff00000400000000
[$(date +%Y-%m-%dT%H:%M:%S)] nvdisasm-wrapper called with: /tmp/tmp9ni48dwu --binary SM100a
[$(date +%Y-%m-%dT%H:%M:%S)] nvdisasm-wrapper called with: /tmp/tmpgd0pvzuc --binary SM100a
[$(date +%Y-%m-%dT%H:%M:%S)] nvdisasm-wrapper called with: /tmp/tmpd7vcezsw --binary SM100a
file_hex: 3e7202ff04000000ff00000800000000
[$(date +%Y-%m-%dT%H:%M:%S)] nvdisasm-wrapper called with: /tmp/tmpaoxiwuof --binary SM100a
file_hex: 3e7202ff04000000ff00001000000000
file_hex: 3e7202ff04000000ff00002000000000
[$(date +%Y-%m-%dT%H:%M:%S)] nvdisasm-wrapper called with: /tmp/tmpt4mpswy6 --binary SM100a
file_hex: 3e7202ff04000000ff00004000000000
file_hex: 3e7202ff04000000ff00008000000000
[$(date +%Y-%m-%dT%H:%M:%S)] nvdisasm-wrapper called with: /tmp/tmp3i6a6gie --binary SM100a
[$(date +%Y-%m-%dT%H:%M:%S)] nvdisasm-wrapper called with: /tmp/tmplny1_v61 --binary SM100a
[$(date +%Y-%m-%dT%H:%M:%S)] nvdisasm-wrapper called with: /tmp/tmp4n8inigy --binary SM100a
file_hex: 3e7202ff04000000ff00000001000000
[$(date +%Y-%m-%dT%H:%M:%S)] nvdisasm-wrapper called with: /tmp/tmp97ou6cz0 --binary SM100a
[$(date +%Y-%m-%dT%H:%M:%S)] nvdisasm-wrapper called with: /tmp/tmpk21d1zwi --binary SM100a
[$(date +%Y-%m-%dT%H:%M:%S)] nvdisasm-wrapper called with: /tmp/tmpayqo104h --binary SM100a
file_hex: 3e7202ff04000000ff00000004000000
file_hex: 3e7202ff04000000ff00000002000000
[$(date +%Y-%m-%dT%H:%M:%S)] nvdisasm-wrapper called with: /tmp/tmpd7o8ievm --binary SM100a
file_hex: 3e7202ff04000000ff00000008000000
[$(date +%Y-%m-%dT%H:%M:%S)] nvdisasm-wrapper called with: /tmp/tmpv8cmu0np --binary SM100a
file_hex: 3e7202ff04000000ff00000010000000
file_hex: 3e7202ff04000000ff00000020000000
[$(date +%Y-%m-%dT%H:%M:%S)] nvdisasm-wrapper called with: /tmp/tmph0ykj57c --binary SM100a
file_hex: 3e7202ff04000000ff00000040000000
[$(date +%Y-%m-%dT%H:%M:%S)] nvdisasm-wrapper called with: /tmp/tmpytaa2iy4 --binary SM100a
[$(date +%Y-%m-%dT%H:%M:%S)] nvdisasm-wrapper called with: /tmp/tmpk8ss1fk1 --binary SM100a
file_hex: 3e7202ff04000000ff00000000010000
file_hex: 3e7202ff04000000ff00000080000000
[$(date +%Y-%m-%dT%H:%M:%S)] nvdisasm-wrapper called with: /tmp/tmpyiwrt2xq --binary SM100a
[$(date +%Y-%m-%dT%H:%M:%S)] nvdisasm-wrapper called with: /tmp/tmpa3ck79ud --binary SM100a
file_hex: 3e7202ff04000000ff00000000020000
file_hex: 3e7202ff04000000ff00000000100000
file_hex: 3e7202ff04000000ff00000000080000
[$(date +%Y-%m-%dT%H:%M:%S)] nvdisasm-wrapper called with: /tmp/tmp1l5_2jwa --binary SM100a
file_hex: 3e7202ff04000000ff00000000400000
file_hex: 3e7202ff04000000ff00000000800000
file_hex: 3e7202ff04000000ff00000000000100
[$(date +%Y-%m-%dT%H:%M:%S)] nvdisasm-wrapper called with: /tmp/tmpm_5tp652 --binary SM100a
[$(date +%Y-%m-%dT%H:%M:%S)] nvdisasm-wrapper called with: /tmp/tmpz_2kjyx5 --binary SM100a
[$(date +%Y-%m-%dT%H:%M:%S)] nvdisasm-wrapper called with: /tmp/tmpss90ylka --binary SM100a
file_hex: 3e7202ff04000000ff00000000000200
[$(date +%Y-%m-%dT%H:%M:%S)] nvdisasm-wrapper called with: /tmp/tmpq_nkn2o7 --binary SM100a
file_hex: 3e7202ff04000000ff00000000000400
[$(date +%Y-%m-%dT%H:%M:%S)] nvdisasm-wrapper called with: /tmp/tmpng2pb9pb --binary SM100a
file_hex: 3e7202ff04000000ff00000000000800
[$(date +%Y-%m-%dT%H:%M:%S)] nvdisasm-wrapper called with: /tmp/tmpwdmn5rcy --binary SM100a
file_hex: 3e7202ff04000000ff00000000001000
file_hex: 3e7202ff04000000ff00000000002000
file_hex: 3e7202ff04000000ff00000000004000
[$(date +%Y-%m-%dT%H:%M:%S)] nvdisasm-wrapper called with: /tmp/tmpe15kvs1r --binary SM100a
[$(date +%Y-%m-%dT%H:%M:%S)] nvdisasm-wrapper called with: /tmp/tmp_0r1t_kn --binary SM100a
[$(date +%Y-%m-%dT%H:%M:%S)] nvdisasm-wrapper called with: /tmp/tmpfgjo16fy --binary SM100a
[$(date +%Y-%m-%dT%H:%M:%S)] nvdisasm-wrapper called with: /tmp/tmpe_yj97hl --binary SM100a
file_hex: 3e7202ff04000000ff00000000008000
file_hex: 3e7202ff04000000ff00000000000001
[$(date +%Y-%m-%dT%H:%M:%S)] nvdisasm-wrapper called with: /tmp/tmpgtfpx6vs --binary SM100a
[$(date +%Y-%m-%dT%H:%M:%S)] nvdisasm-wrapper called with: /tmp/tmpypx2dfh2 --binary SM100a
[$(date +%Y-%m-%dT%H:%M:%S)] nvdisasm-wrapper called with: /tmp/tmpysdvivs1 --binary SM100a
file_hex: 3e7202ff04000000ff00000000000004
file_hex: 3e7202ff04000000ff00000000000002
[$(date +%Y-%m-%dT%H:%M:%S)] nvdisasm-wrapper called with: /tmp/tmp39icgamz --binary SM100a
file_hex: 3e7202ff04000000ff00000000000008
[$(date +%Y-%m-%dT%H:%M:%S)] nvdisasm-wrapper called with: /tmp/tmpprky_men --binary SM100a
file_hex: 3e7202ff04000000ff00000000000020
file_hex: 3e7202ff04000000ff00000000000010
file_hex: 3e7202ff04000000ff00000000000040
file_hex: 3e7202ff04000000ff00000000000080
[$(date +%Y-%m-%dT%H:%M:%S)] nvdisasm-wrapper called with: /tmp/tmp1flsjaz2 --print-life-ranges
file_hex: 7f454c46020101330700000000000000
[$(date +%Y-%m-%dT%H:%M:%S)] nvdisasm-wrapper called with: /tmp/tmp1fhlxvhi --binary SM100a
file_hex: 3e7214ff10000000ff04000000000000
[$(date +%Y-%m-%dT%H:%M:%S)] nvdisasm-wrapper called with: /tmp/tmpqt6h383e --binary SM100a
file_hex: 3e7214ff10000000ff00000200000000
[$(date +%Y-%m-%dT%H:%M:%S)] nvdisasm-wrapper called with: /tmp/tmpu3emkv3h --binary SM100a
file_hex: 3e7214ff100000007f04000200000000
[$(date +%Y-%m-%dT%H:%M:%S)] nvdisasm-wrapper called with: /tmp/tmp__1lgszn --binary SM100a
file_hex: 3e7214ff10000000bf04000200000000
[$(date +%Y-%m-%dT%H:%M:%S)] nvdisasm-wrapper called with: /tmp/tmpefjhf9k7 --binary SM100a
file_hex: 3e7214ff10000000df04000200000000
[$(date +%Y-%m-%dT%H:%M:%S)] nvdisasm-wrapper called with: /tmp/tmpmd826_zv --binary SM100a
file_hex: 3e7214ff10000000ef04000200000000
[$(date +%Y-%m-%dT%H:%M:%S)] nvdisasm-wrapper called with: /tmp/tmp407l2smj --binary SM100a
file_hex: 3e7214ff10000000f704000200000000
[$(date +%Y-%m-%dT%H:%M:%S)] nvdisasm-wrapper called with: /tmp/tmp6q47cdty --binary SM100a
file_hex: 3e7214ff10000000fb04000200000000
[$(date +%Y-%m-%dT%H:%M:%S)] nvdisasm-wrapper called with: /tmp/tmps891fl2m --binary SM100a
file_hex: 3e7214ff10000000fd04000200000000
[$(date +%Y-%m-%dT%H:%M:%S)] nvdisasm-wrapper called with: /tmp/tmp5y_287xc --binary SM100a
file_hex: 3e7214ff10000000fe04000200000000
[$(date +%Y-%m-%dT%H:%M:%S)] nvdisasm-wrapper called with: /tmp/tmpzq4nct74 --binary SM100a
file_hex: 3e7214ff00000000ff04000200000000
[$(date +%Y-%m-%dT%H:%M:%S)] nvdisasm-wrapper called with: /tmp/tmpgcwctyy1 --binary SM100a
file_hex: 3e72147f10000000ff04000200000000
[$(date +%Y-%m-%dT%H:%M:%S)] nvdisasm-wrapper called with: /tmp/tmp3l9rqfny --binary SM100a
file_hex: 3e7214bf10000000ff04000200000000
[$(date +%Y-%m-%dT%H:%M:%S)] nvdisasm-wrapper called with: /tmp/tmpbhw9kcjd --binary SM100a
file_hex: 3e7214df10000000ff04000200000000
[$(date +%Y-%m-%dT%H:%M:%S)] nvdisasm-wrapper called with: /tmp/tmpldli8y7u --binary SM100a
file_hex: 3e7214ef10000000ff04000200000000
[$(date +%Y-%m-%dT%H:%M:%S)] nvdisasm-wrapper called with: /tmp/tmpx7ygnssu --binary SM100a
file_hex: 3e7214f710000000ff04000200000000
[$(date +%Y-%m-%dT%H:%M:%S)] nvdisasm-wrapper called with: /tmp/tmp_nu94stu --binary SM100a
file_hex: 3e7214fb10000000ff04000200000000
[$(date +%Y-%m-%dT%H:%M:%S)] nvdisasm-wrapper called with: /tmp/tmp6f_d1k_m --binary SM100a
file_hex: 3e7214fd10000000ff04000200000000
[$(date +%Y-%m-%dT%H:%M:%S)] nvdisasm-wrapper called with: /tmp/tmp0y7ab6lh --binary SM100a
file_hex: 3e7214fe10000000ff04000200000000
[$(date +%Y-%m-%dT%H:%M:%S)] nvdisasm-wrapper called with: /tmp/tmpuq73aw9i --binary SM100a
file_hex: 3e7204ff10000000ff04000200000000
[$(date +%Y-%m-%dT%H:%M:%S)] nvdisasm-wrapper called with: /tmp/tmpa2tm7t5q --binary SM100a
file_hex: 3e3210ff10000000ff04000200000000
[$(date +%Y-%m-%dT%H:%M:%S)] nvdisasm-wrapper called with: /tmp/tmph8ahjc0f --binary SM100a
file_hex: 3e5210ff10000000ff04000200000000
[$(date +%Y-%m-%dT%H:%M:%S)] nvdisasm-wrapper called with: /tmp/tmpb4pj74yn --binary SM100a
file_hex: 3e6210ff10000000ff04000200000000
[$(date +%Y-%m-%dT%H:%M:%S)] nvdisasm-wrapper called with: /tmp/tmp0ydla3aa --binary SM100a
file_hex: 3e7010ff10000000ff04000200000000
[$(date +%Y-%m-%dT%H:%M:%S)] nvdisasm-wrapper called with: /tmp/tmp3p289eo1 --binary SM100a
file_hex: 1e7210ff10000000ff04000200000000
[$(date +%Y-%m-%dT%H:%M:%S)] nvdisasm-wrapper called with: /tmp/tmpw_lavn8e --binary SM100a
file_hex: 2e7210ff10000000ff04000200000000
[$(date +%Y-%m-%dT%H:%M:%S)] nvdisasm-wrapper called with: /tmp/tmpdqaqpf_3 --binary SM100a
file_hex: 367210ff10000000ff04000200000000
[$(date +%Y-%m-%dT%H:%M:%S)] nvdisasm-wrapper called with: /tmp/tmp9e79znq3 --binary SM100a
file_hex: 3a7210ff10000000ff04000200000000
[$(date +%Y-%m-%dT%H:%M:%S)] nvdisasm-wrapper called with: /tmp/tmpiqss1pn4 --binary SM100a
file_hex: 3c7210ff10000000ff04000200000000
[$(date +%Y-%m-%dT%H:%M:%S)] nvdisasm-wrapper called with: /tmp/tmpdbczbv1a --binary SM100a
[$(date +%Y-%m-%dT%H:%M:%S)] nvdisasm-wrapper called with: /tmp/tmpkttb4dd_ --binary SM100a
[$(date +%Y-%m-%dT%H:%M:%S)] nvdisasm-wrapper called with: /tmp/tmpr0o23iaq --binary SM100a
file_hex: 7e7210ff10000000ff04000200000000
[$(date +%Y-%m-%dT%H:%M:%S)] nvdisasm-wrapper called with: /tmp/tmpgi10kp_3 --binary SM100a
file_hex: 3f7210ff10000000ff04000200000000
[$(date +%Y-%m-%dT%H:%M:%S)] nvdisasm-wrapper called with: /tmp/tmp7d_wpuge --binary SM100a
file_hex: be7210ff10000000ff04000200000000
[$(date +%Y-%m-%dT%H:%M:%S)] nvdisasm-wrapper called with: /tmp/tmp8b7i7b0w --binary SM100a
file_hex: 3e7310ff10000000ff04000200000000
file_hex: 3e7610ff10000000ff04000200000000
[$(date +%Y-%m-%dT%H:%M:%S)] nvdisasm-wrapper called with: /tmp/tmpqbnb82sl --binary SM100a
[$(date +%Y-%m-%dT%H:%M:%S)] nvdisasm-wrapper called with: /tmp/tmpg_ptmvlu --binary SM100a
file_hex: 3e7a10ff10000000ff04000200000000
[$(date +%Y-%m-%dT%H:%M:%S)] nvdisasm-wrapper called with: /tmp/tmp5hg5mh6m --binary SM100a
file_hex: 3ef210ff10000000ff04000200000000
[$(date +%Y-%m-%dT%H:%M:%S)] nvdisasm-wrapper called with: /tmp/tmpu_7o3vfk --binary SM100a
file_hex: 3e7211ff10000000ff04000200000000
[$(date +%Y-%m-%dT%H:%M:%S)] nvdisasm-wrapper called with: /tmp/tmpw754rmhf --binary SM100a
file_hex: 3e7212ff10000000ff04000200000000
[$(date +%Y-%m-%dT%H:%M:%S)] nvdisasm-wrapper called with: /tmp/tmp4kkyxhqr --binary SM100a
[$(date +%Y-%m-%dT%H:%M:%S)] nvdisasm-wrapper called with: /tmp/tmpqbq8um07 --binary SM100a
file_hex: 3e7218ff10000000ff04000200000000
[$(date +%Y-%m-%dT%H:%M:%S)] nvdisasm-wrapper called with: /tmp/tmp6j_s6x2z --binary SM100a
file_hex: 3e7200ff10000000ff04000200000000
file_hex: 3e7250ff10000000ff04000200000000
file_hex: 3e7230ff10000000ff04000200000000
file_hex: 3e7290ff10000000ff04000200000000
[$(date +%Y-%m-%dT%H:%M:%S)] nvdisasm-wrapper called with: /tmp/tmp4jzlxq4z --binary SM100a
[$(date +%Y-%m-%dT%H:%M:%S)] nvdisasm-wrapper called with: /tmp/tmpzaeh4fts --binary SM100a
[$(date +%Y-%m-%dT%H:%M:%S)] nvdisasm-wrapper called with: /tmp/tmp8zbpdvgd --binary SM100a
[$(date +%Y-%m-%dT%H:%M:%S)] nvdisasm-wrapper called with: /tmp/tmp19blxlb7 --binary SM100a
[$(date +%Y-%m-%dT%H:%M:%S)] nvdisasm-wrapper called with: /tmp/tmprtty3gpt --binary SM100a
file_hex: 3e7210fd10000000ff04000200000000
file_hex: 3e7210fe10000000ff04000200000000
[$(date +%Y-%m-%dT%H:%M:%S)] nvdisasm-wrapper called with: /tmp/tmp2xh911kn --binary SM100a
file_hex: 3e7210fb10000000ff04000200000000
file_hex: 3e7210f710000000ff04000200000000
[$(date +%Y-%m-%dT%H:%M:%S)] nvdisasm-wrapper called with: /tmp/tmpah7sjksz --binary SM100a
[$(date +%Y-%m-%dT%H:%M:%S)] nvdisasm-wrapper called with: /tmp/tmp3ip3u1p3 --binary SM100a
[$(date +%Y-%m-%dT%H:%M:%S)] nvdisasm-wrapper called with: /tmp/tmpemqec_jh --binary SM100a
file_hex: 3e7210ef10000000ff04000200000000
file_hex: 3e7210df10000000ff04000200000000
[$(date +%Y-%m-%dT%H:%M:%S)] nvdisasm-wrapper called with: /tmp/tmp7_5wgji8 --binary SM100a
file_hex: 3e7210bf10000000ff04000200000000
[$(date +%Y-%m-%dT%H:%M:%S)] nvdisasm-wrapper called with: /tmp/tmpsyqa6bna --binary SM100a
file_hex: 3e72107f10000000ff04000200000000
[$(date +%Y-%m-%dT%H:%M:%S)] nvdisasm-wrapper called with: /tmp/tmp4g0yk6oh --binary SM100a
file_hex: 3e7210ff11000000ff04000200000000
[$(date +%Y-%m-%dT%H:%M:%S)] nvdisasm-wrapper called with: /tmp/tmp205khsx6 --binary SM100a
file_hex: 3e7210ff12000000ff04000200000000
[$(date +%Y-%m-%dT%H:%M:%S)] nvdisasm-wrapper called with: /tmp/tmpudsbpgro --binary SM100a
file_hex: 3e7210ff14000000ff04000200000000
file_hex: 3e7210ff18000000ff04000200000000
file_hex: 3e7210ff00000000ff04000200000000
file_hex: 3e7210ff30000000ff04000200000000
[$(date +%Y-%m-%dT%H:%M:%S)] nvdisasm-wrapper called with: /tmp/tmpp6c6_38w --binary SM100a
[$(date +%Y-%m-%dT%H:%M:%S)] nvdisasm-wrapper called with: /tmp/tmp0l96gk4n --binary SM100a
[$(date +%Y-%m-%dT%H:%M:%S)] nvdisasm-wrapper called with: /tmp/tmpxewvccv5 --binary SM100a
file_hex: 3e7210ff50000000ff04000200000000
[$(date +%Y-%m-%dT%H:%M:%S)] nvdisasm-wrapper called with: /tmp/tmpn9i7hsam --binary SM100a
[$(date +%Y-%m-%dT%H:%M:%S)] nvdisasm-wrapper called with: /tmp/tmpl236j31y --binary SM100a
file_hex: 3e7210ff10010000ff04000200000000
file_hex: 3e7210ff90000000ff04000200000000
[$(date +%Y-%m-%dT%H:%M:%S)] nvdisasm-wrapper called with: /tmp/tmpwwp7jtsq --binary SM100a
[$(date +%Y-%m-%dT%H:%M:%S)] nvdisasm-wrapper called with: /tmp/tmpffjmol91 --binary SM100a
file_hex: 3e7210ff10040000ff04000200000000
file_hex: 3e7210ff10020000ff04000200000000
[$(date +%Y-%m-%dT%H:%M:%S)] nvdisasm-wrapper called with: /tmp/tmp5yi7zt2b --binary SM100a
[$(date +%Y-%m-%dT%H:%M:%S)] nvdisasm-wrapper called with: /tmp/tmpbu66e7f3 --binary SM100a
file_hex: 3e7210ff10100000ff04000200000000
[$(date +%Y-%m-%dT%H:%M:%S)] nvdisasm-wrapper called with: /tmp/tmpwlaeo_v3 --binary SM100a
file_hex: 3e7210ff10080000ff04000200000000
file_hex: 3e7210ff10200000ff04000200000000
file_hex: 3e7210ff10400000ff04000200000000
[$(date +%Y-%m-%dT%H:%M:%S)] nvdisasm-wrapper called with: /tmp/tmp4ck2hpyn --binary SM100a
file_hex: 3e7210ff10800000ff04000200000000
file_hex: 3e7210ff10000100ff04000200000000
[$(date +%Y-%m-%dT%H:%M:%S)] nvdisasm-wrapper called with: /tmp/tmpa299w1n5 --binary SM100a
[$(date +%Y-%m-%dT%H:%M:%S)] nvdisasm-wrapper called with: /tmp/tmp7j7h_d2w --binary SM100a
[$(date +%Y-%m-%dT%H:%M:%S)] nvdisasm-wrapper called with: /tmp/tmpkiartcw1 --binary SM100a
[$(date +%Y-%m-%dT%H:%M:%S)] nvdisasm-wrapper called with: /tmp/tmp4skozb6p --binary SM100a
file_hex: 3e7210ff10000200ff04000200000000
[$(date +%Y-%m-%dT%H:%M:%S)] nvdisasm-wrapper called with: /tmp/tmptvwxpxv_ --binary SM100a
file_hex: 3e7210ff10000400ff04000200000000
[$(date +%Y-%m-%dT%H:%M:%S)] nvdisasm-wrapper called with: /tmp/tmpu7s0p2v3 --binary SM100a
file_hex: 3e7210ff10001000ff04000200000000
file_hex: 3e7210ff10000800ff04000200000000
file_hex: 3e7210ff10002000ff04000200000000
[$(date +%Y-%m-%dT%H:%M:%S)] nvdisasm-wrapper called with: /tmp/tmp8jh2imwb --binary SM100a
[$(date +%Y-%m-%dT%H:%M:%S)] nvdisasm-wrapper called with: /tmp/tmpeus6y28j --binary SM100a
[$(date +%Y-%m-%dT%H:%M:%S)] nvdisasm-wrapper called with: /tmp/tmphfmep82z --binary SM100a
[$(date +%Y-%m-%dT%H:%M:%S)] nvdisasm-wrapper called with: /tmp/tmpd433yz7f --binary SM100a
file_hex: 3e7210ff10004000ff04000200000000
[$(date +%Y-%m-%dT%H:%M:%S)] nvdisasm-wrapper called with: /tmp/tmp23vongbw --binary SM100a
[$(date +%Y-%m-%dT%H:%M:%S)] nvdisasm-wrapper called with: /tmp/tmpmmss8179 --binary SM100a
file_hex: 3e7210ff10000001ff04000200000000
[$(date +%Y-%m-%dT%H:%M:%S)] nvdisasm-wrapper called with: /tmp/tmp6gm3d4w8 --binary SM100a
file_hex: 3e7210ff10008000ff04000200000000
file_hex: 3e7210ff10000002ff04000200000000
file_hex: 3e7210ff10000008ff04000200000000
[$(date +%Y-%m-%dT%H:%M:%S)] nvdisasm-wrapper called with: /tmp/tmpaa98hgj2 --binary SM100a
file_hex: 3e7210ff10000004ff04000200000000
[$(date +%Y-%m-%dT%H:%M:%S)] nvdisasm-wrapper called with: /tmp/tmp7ipmnjyx --binary SM100a
file_hex: 3e7210ff10000010ff04000200000000
[$(date +%Y-%m-%dT%H:%M:%S)] nvdisasm-wrapper called with: /tmp/tmp7nj_rqff --binary SM100a
[$(date +%Y-%m-%dT%H:%M:%S)] nvdisasm-wrapper called with: /tmp/tmpxf8ojdwj --binary SM100a
file_hex: 3e7210ff10000020ff04000200000000
file_hex: 3e7210ff10000040ff04000200000000
file_hex: 3e7210ff10000080ff04000200000000
file_hex: 3e7210ff10000000fe04000200000000
file_hex: 3e7210ff10000000fd04000200000000
[$(date +%Y-%m-%dT%H:%M:%S)] nvdisasm-wrapper called with: /tmp/tmpqwwhx8ce --binary SM100a
[$(date +%Y-%m-%dT%H:%M:%S)] nvdisasm-wrapper called with: /tmp/tmpi811dbop --binary SM100a
[$(date +%Y-%m-%dT%H:%M:%S)] nvdisasm-wrapper called with: /tmp/tmpr1gu9ix4 --binary SM100a
[$(date +%Y-%m-%dT%H:%M:%S)] nvdisasm-wrapper called with: /tmp/tmpouv9d3h0 --binary SM100a
[$(date +%Y-%m-%dT%H:%M:%S)] nvdisasm-wrapper called with: /tmp/tmpqbvyuy7w --binary SM100a
file_hex: 3e7210ff10000000fb04000200000000
[$(date +%Y-%m-%dT%H:%M:%S)] nvdisasm-wrapper called with: /tmp/tmpt8dgf6x5 --binary SM100a
file_hex: 3e7210ff10000000f704000200000000
file_hex: 3e7210ff10000000ef04000200000000
[$(date +%Y-%m-%dT%H:%M:%S)] nvdisasm-wrapper called with: /tmp/tmpn7rqbpal --binary SM100a
file_hex: 3e7210ff10000000df04000200000000
[$(date +%Y-%m-%dT%H:%M:%S)] nvdisasm-wrapper called with: /tmp/tmp51561thv --binary SM100a
file_hex: 3e7210ff10000000bf04000200000000
file_hex: 3e7210ff100000007f04000200000000
[$(date +%Y-%m-%dT%H:%M:%S)] nvdisasm-wrapper called with: /tmp/tmpn7chgklz --binary SM100a
[$(date +%Y-%m-%dT%H:%M:%S)] nvdisasm-wrapper called with: /tmp/tmpmh22xhs7 --binary SM100a
file_hex: 3e7210ff10000000ff05000200000000
[$(date +%Y-%m-%dT%H:%M:%S)] nvdisasm-wrapper called with: /tmp/tmplwjbt207 --binary SM100a
file_hex: 3e7210ff10000000ff06000200000000
[$(date +%Y-%m-%dT%H:%M:%S)] nvdisasm-wrapper called with: /tmp/tmprozzmxvj --binary SM100a
[$(date +%Y-%m-%dT%H:%M:%S)] nvdisasm-wrapper called with: /tmp/tmpeplz5g5f --binary SM100a
file_hex: 3e7210ff10000000ff00000200000000
file_hex: 3e7210ff10000000ff0c000200000000
[$(date +%Y-%m-%dT%H:%M:%S)] nvdisasm-wrapper called with: /tmp/tmpk7jn4y6k --binary SM100a
file_hex: 3e7210ff10000000ff14000200000000
file_hex: 3e7210ff10000000ff24000200000000
[$(date +%Y-%m-%dT%H:%M:%S)] nvdisasm-wrapper called with: /tmp/tmpen4pt56_ --binary SM100a
file_hex: 3e7210ff10000000ff44000200000000
[$(date +%Y-%m-%dT%H:%M:%S)] nvdisasm-wrapper called with: /tmp/tmpgrfe5l34 --binary SM100a
[$(date +%Y-%m-%dT%H:%M:%S)] nvdisasm-wrapper called with: /tmp/tmpvrng7_6y --binary SM100a
file_hex: 3e7210ff10000000ff84000200000000
[$(date +%Y-%m-%dT%H:%M:%S)] nvdisasm-wrapper called with: /tmp/tmpb39axqnu --binary SM100a
[$(date +%Y-%m-%dT%H:%M:%S)] nvdisasm-wrapper called with: /tmp/tmpjxiobi03 --binary SM100a
file_hex: 3e7210ff10000000ff04020200000000
[$(date +%Y-%m-%dT%H:%M:%S)] nvdisasm-wrapper called with: /tmp/tmpub0p556p --binary SM100a
file_hex: 3e7210ff10000000ff04010200000000
file_hex: 3e7210ff10000000ff04040200000000
[$(date +%Y-%m-%dT%H:%M:%S)] nvdisasm-wrapper called with: /tmp/tmpkxg76tmg --binary SM100a
file_hex: 3e7210ff10000000ff04080200000000
[$(date +%Y-%m-%dT%H:%M:%S)] nvdisasm-wrapper called with: /tmp/tmp6rsmz28u --binary SM100a
file_hex: 3e7210ff10000000ff04100200000000
[$(date +%Y-%m-%dT%H:%M:%S)] nvdisasm-wrapper called with: /tmp/tmp9fwfka4x --binary SM100a
file_hex: 3e7210ff10000000ff04200200000000
[$(date +%Y-%m-%dT%H:%M:%S)] nvdisasm-wrapper called with: /tmp/tmpgbmmpoel --binary SM100a
[$(date +%Y-%m-%dT%H:%M:%S)] nvdisasm-wrapper called with: /tmp/tmp32vb_mq4 --binary SM100a
file_hex: 3e7210ff10000000ff04400200000000
file_hex: 3e7210ff10000000ff04800200000000
[$(date +%Y-%m-%dT%H:%M:%S)] nvdisasm-wrapper called with: /tmp/tmpd_tdeba6 --binary SM100a
file_hex: 3e7210ff10000000ff04000000000000
[$(date +%Y-%m-%dT%H:%M:%S)] nvdisasm-wrapper called with: /tmp/tmpt_cq4gyq --binary SM100a
file_hex: 3e7210ff10000000ff04000600000000
[$(date +%Y-%m-%dT%H:%M:%S)] nvdisasm-wrapper called with: /tmp/tmpeyh_rnzw --binary SM100a
file_hex: 3e7210ff10000000ff04000a00000000
file_hex: 3e7210ff10000000ff04001200000000
file_hex: 3e7210ff10000000ff04002200000000
file_hex: 3e7210ff10000000ff04004200000000
[$(date +%Y-%m-%dT%H:%M:%S)] nvdisasm-wrapper called with: /tmp/tmpf9wyu_vu --binary SM100a
[$(date +%Y-%m-%dT%H:%M:%S)] nvdisasm-wrapper called with: /tmp/tmptz6ecrry --binary SM100a
[$(date +%Y-%m-%dT%H:%M:%S)] nvdisasm-wrapper called with: /tmp/tmp67wi8xqk --binary SM100a
[$(date +%Y-%m-%dT%H:%M:%S)] nvdisasm-wrapper called with: /tmp/tmpkd17h8ia --binary SM100a
file_hex: 3e7210ff10000000ff04000201000000
file_hex: 3e7210ff10000000ff04008200000000
[$(date +%Y-%m-%dT%H:%M:%S)] nvdisasm-wrapper called with: /tmp/tmpp2ynzfni --binary SM100a
file_hex: 3e7210ff10000000ff04000202000000
[$(date +%Y-%m-%dT%H:%M:%S)] nvdisasm-wrapper called with: /tmp/tmpqyjak6xw --binary SM100a
file_hex: 3e7210ff10000000ff04000204000000
[$(date +%Y-%m-%dT%H:%M:%S)] nvdisasm-wrapper called with: /tmp/tmpdg2dlczo --binary SM100a
file_hex: 3e7210ff10000000ff04000208000000
[$(date +%Y-%m-%dT%H:%M:%S)] nvdisasm-wrapper called with: /tmp/tmps9n7klol --binary SM100a
[$(date +%Y-%m-%dT%H:%M:%S)] nvdisasm-wrapper called with: /tmp/tmp0wx7ooq2 --binary SM100a
file_hex: 3e7210ff10000000ff04000220000000
file_hex: 3e7210ff10000000ff04000210000000
[$(date +%Y-%m-%dT%H:%M:%S)] nvdisasm-wrapper called with: /tmp/tmp35jwejhj --binary SM100a
file_hex: 3e7210ff10000000ff04000240000000
[$(date +%Y-%m-%dT%H:%M:%S)] nvdisasm-wrapper called with: /tmp/tmp50012fki --binary SM100a
file_hex: 3e7210ff10000000ff04000280000000
[$(date +%Y-%m-%dT%H:%M:%S)] nvdisasm-wrapper called with: /tmp/tmp3ic7uxml --binary SM100a
file_hex: 3e7210ff10000000ff04000200010000
file_hex: 3e7210ff10000000ff04000200020000
[$(date +%Y-%m-%dT%H:%M:%S)] nvdisasm-wrapper called with: /tmp/tmpiszreijx --binary SM100a
[$(date +%Y-%m-%dT%H:%M:%S)] nvdisasm-wrapper called with: /tmp/tmpufs3tfbo --binary SM100a
[$(date +%Y-%m-%dT%H:%M:%S)] nvdisasm-wrapper called with: /tmp/tmp2s7jk3lv --binary SM100a
[$(date +%Y-%m-%dT%H:%M:%S)] nvdisasm-wrapper called with: /tmp/tmpna9qi2bi --binary SM100a
[$(date +%Y-%m-%dT%H:%M:%S)] nvdisasm-wrapper called with: /tmp/tmp9gko6u4q --binary SM100a
file_hex: 3e7210ff10000000ff04000200100000
[$(date +%Y-%m-%dT%H:%M:%S)] nvdisasm-wrapper called with: /tmp/tmpbea420bq --binary SM100a
file_hex: 3e7210ff10000000ff04000200400000
file_hex: 3e7210ff10000000ff04000200200000
file_hex: 3e7210ff10000000ff04000200080000
file_hex: 3e7210ff10000000ff04000200800000
[$(date +%Y-%m-%dT%H:%M:%S)] nvdisasm-wrapper called with: /tmp/tmpblmug7ot --binary SM100a
file_hex: 3e7210ff10000000ff04000200000100
[$(date +%Y-%m-%dT%H:%M:%S)] nvdisasm-wrapper called with: /tmp/tmpw76nmxz5 --binary SM100a
[$(date +%Y-%m-%dT%H:%M:%S)] nvdisasm-wrapper called with: /tmp/tmptpo741_3 --binary SM100a
[$(date +%Y-%m-%dT%H:%M:%S)] nvdisasm-wrapper called with: /tmp/tmpqk_hx9xz --binary SM100a
file_hex: 3e7210ff10000000ff04000200000200
[$(date +%Y-%m-%dT%H:%M:%S)] nvdisasm-wrapper called with: /tmp/tmp61xq4knu --binary SM100a
file_hex: 3e7210ff10000000ff04000200000800
[$(date +%Y-%m-%dT%H:%M:%S)] nvdisasm-wrapper called with: /tmp/tmpcz5g59g5 --binary SM100a
file_hex: 3e7210ff10000000ff04000200001000
[$(date +%Y-%m-%dT%H:%M:%S)] nvdisasm-wrapper called with: /tmp/tmpn4dtwyx2 --binary SM100a
file_hex: 3e7210ff10000000ff04000200000400
[$(date +%Y-%m-%dT%H:%M:%S)] nvdisasm-wrapper called with: /tmp/tmp_mz7ram5 --binary SM100a
file_hex: 3e7210ff10000000ff04000200002000
file_hex: 3e7210ff10000000ff04000200004000
file_hex: 3e7210ff10000000ff04000200008000
[$(date +%Y-%m-%dT%H:%M:%S)] nvdisasm-wrapper called with: /tmp/tmpquh1qlbm --binary SM100a
file_hex: 3e7210ff10000000ff04000200000001
file_hex: 3e7210ff10000000ff04000200000002
[$(date +%Y-%m-%dT%H:%M:%S)] nvdisasm-wrapper called with: /tmp/tmpv4j2fw5m --binary SM100a
file_hex: 3e7210ff10000000ff04000200000004
file_hex: 3e7210ff10000000ff04000200000008
[$(date +%Y-%m-%dT%H:%M:%S)] nvdisasm-wrapper called with: /tmp/tmpui6f0p_2 --binary SM100a
[$(date +%Y-%m-%dT%H:%M:%S)] nvdisasm-wrapper called with: /tmp/tmpyo479hlo --binary SM100a
[$(date +%Y-%m-%dT%H:%M:%S)] nvdisasm-wrapper called with: /tmp/tmpn6bluf12 --binary SM100a
[$(date +%Y-%m-%dT%H:%M:%S)] nvdisasm-wrapper called with: /tmp/tmpgankn16r --binary SM100a
file_hex: 3e7210ff10000000ff04000200000010
file_hex: 3e7210ff10000000ff04000200000020
file_hex: 3e7210ff10000000ff04000200000080
file_hex: 3e7210ff10000000ff04000200000040
[$(date +%Y-%m-%dT%H:%M:%S)] nvdisasm-wrapper called with: /tmp/tmpec8v38jf --binary SM100a
file_hex: 3e7216ff10000000ff04000200000000
[$(date +%Y-%m-%dT%H:%M:%S)] nvdisasm-wrapper called with: /tmp/tmphrvnbqfe --binary SM100a
[$(date +%Y-%m-%dT%H:%M:%S)] nvdisasm-wrapper called with: /tmp/tmpnu367u6u --binary SM100a
file_hex: 3e7210ff10000000ff04000100000000
file_hex: 3e7210ff10000000ff04800300000000
[$(date +%Y-%m-%dT%H:%M:%S)] nvdisasm-wrapper called with: /tmp/tmpkk4o4u37 --binary SM100a
[$(date +%Y-%m-%dT%H:%M:%S)] nvdisasm-wrapper called with: /tmp/tmpvfnndd6l --binary SM100a
file_hex: 3e7200ff00000000ff060002001e0000
file_hex: 3e7200ff00000000ff040002001e0000
[$(date +%Y-%m-%dT%H:%M:%S)] nvdisasm-wrapper called with: /tmp/tmpxxgsarst --binary SM100a
file_hex: 3e7200ff00000000ff0c0002001e0000
[$(date +%Y-%m-%dT%H:%M:%S)] nvdisasm-wrapper called with: /tmp/tmptw975msv --binary SM100a
file_hex: 3e7200ff00000000ff040402001e0000
[$(date +%Y-%m-%dT%H:%M:%S)] nvdisasm-wrapper called with: /tmp/tmpmbauoat5 --print-life-ranges
file_hex: 7f454c46020101330700000000000000
[$(date +%Y-%m-%dT%H:%M:%S)] nvdisasm-wrapper called with: /tmp/tmpjse2ss1z --print-life-ranges
file_hex: 7f454c46020101330700000000000000
[$(date +%Y-%m-%dT%H:%M:%S)] nvdisasm-wrapper called with: /tmp/tmp5yfi4i7f --print-life-ranges
file_hex: 7f454c46020101330700000000000000
[$(date +%Y-%m-%dT%H:%M:%S)] nvdisasm-wrapper called with: /tmp/tmpd6eyj_fw --print-life-ranges
file_hex: 7f454c46020101330700000000000000
[$(date +%Y-%m-%dT%H:%M:%S)] nvdisasm-wrapper called with: /tmp/tmp2fkjrxuy --print-life-ranges
file_hex: 7f454c46020101330700000000000000
[$(date +%Y-%m-%dT%H:%M:%S)] nvdisasm-wrapper called with: /tmp/tmp2x6c_tky --print-life-ranges
file_hex: 7f454c46020101330700000000000000
[$(date +%Y-%m-%dT%H:%M:%S)] nvdisasm-wrapper called with: /tmp/tmpmwl94wq8 --print-life-ranges
file_hex: 7f454c46020101330700000000000000
[$(date +%Y-%m-%dT%H:%M:%S)] nvdisasm-wrapper called with: /tmp/tmptqxpqd23 --print-life-ranges
file_hex: 7f454c46020101330700000000000000
[$(date +%Y-%m-%dT%H:%M:%S)] nvdisasm-wrapper called with: /tmp/tmp21xrkr0s --print-life-ranges
file_hex: 7f454c46020101330700000000000000
[$(date +%Y-%m-%dT%H:%M:%S)] nvdisasm-wrapper called with: /tmp/tmp01tpe_0k --print-life-ranges
file_hex: 7f454c46020101330700000000000000
[$(date +%Y-%m-%dT%H:%M:%S)] nvdisasm-wrapper called with: /tmp/tmpcr4q1k1k --print-life-ranges
file_hex: 7f454c46020101330700000000000000
[$(date +%Y-%m-%dT%H:%M:%S)] nvdisasm-wrapper called with: /tmp/tmpy7f82zxm --print-life-ranges
file_hex: 7f454c46020101330700000000000000
[$(date +%Y-%m-%dT%H:%M:%S)] nvdisasm-wrapper called with: /tmp/tmpiwql7osw --print-life-ranges
file_hex: 7f454c46020101330700000000000000
[$(date +%Y-%m-%dT%H:%M:%S)] nvdisasm-wrapper called with: /tmp/tmp1jv5beo2 --print-life-ranges
file_hex: 7f454c46020101330700000000000000
[$(date +%Y-%m-%dT%H:%M:%S)] nvdisasm-wrapper called with: /tmp/tmp9oolh2ac --print-life-ranges
file_hex: 7f454c46020101330700000000000000
[$(date +%Y-%m-%dT%H:%M:%S)] nvdisasm-wrapper called with: /tmp/tmpub7weobt --print-life-ranges
file_hex: 7f454c46020101330700000000000000
[$(date +%Y-%m-%dT%H:%M:%S)] nvdisasm-wrapper called with: /tmp/tmpwzy0o8sv --print-life-ranges
file_hex: 7f454c46020101330700000000000000
[$(date +%Y-%m-%dT%H:%M:%S)] nvdisasm-wrapper called with: /tmp/tmpmcea9m5v --print-life-ranges
file_hex: 7f454c46020101330700000000000000
[$(date +%Y-%m-%dT%H:%M:%S)] nvdisasm-wrapper called with: /tmp/tmpjod53jzx --print-life-ranges
file_hex: 7f454c46020101330700000000000000
[$(date +%Y-%m-%dT%H:%M:%S)] nvdisasm-wrapper called with: /tmp/tmpku92szc8 --print-life-ranges
file_hex: 7f454c46020101330700000000000000
[$(date +%Y-%m-%dT%H:%M:%S)] nvdisasm-wrapper called with: /tmp/tmpf0a8oot4 --print-life-ranges
file_hex: 7f454c46020101330700000000000000
[$(date +%Y-%m-%dT%H:%M:%S)] nvdisasm-wrapper called with: /tmp/tmpk1suctlw --print-life-ranges
file_hex: 7f454c46020101330700000000000000
[$(date +%Y-%m-%dT%H:%M:%S)] nvdisasm-wrapper called with: /tmp/tmp3ap3l1dp --print-life-ranges
file_hex: 7f454c46020101330700000000000000
[$(date +%Y-%m-%dT%H:%M:%S)] nvdisasm-wrapper called with: /tmp/tmp65tfwv_l --print-life-ranges
file_hex: 7f454c46020101330700000000000000
[$(date +%Y-%m-%dT%H:%M:%S)] nvdisasm-wrapper called with: /tmp/tmpz2amg0e0 --print-life-ranges
file_hex: 7f454c46020101330700000000000000
[$(date +%Y-%m-%dT%H:%M:%S)] nvdisasm-wrapper called with: /tmp/tmp0r8jacbu --print-life-ranges
file_hex: 7f454c46020101330700000000000000
[$(date +%Y-%m-%dT%H:%M:%S)] nvdisasm-wrapper called with: /tmp/tmphqt5wq7k --print-life-ranges
file_hex: 7f454c46020101330700000000000000
[$(date +%Y-%m-%dT%H:%M:%S)] nvdisasm-wrapper called with: /tmp/tmp_s2m4w30 --print-life-ranges
file_hex: 7f454c46020101330700000000000000
[2026-01-20T03:49:45] nvdisasm-wrapper called with: /tmp/tmppensv3x7 --binary SM100a
file_hex: 3e7202ff040000003f00000000000000
[2026-01-20T03:49:45] nvdisasm-wrapper called with: /tmp/tmpc5h0eyym --binary SM100a
file_hex: 3e7202ff040000005f00000000000000
[2026-01-20T03:49:45] nvdisasm-wrapper called with: /tmp/tmpk7uzls8r --binary SM100a
file_hex: 3e7202ff040000006f00000000000000
[2026-01-20T03:49:46] nvdisasm-wrapper called with: /tmp/tmpwya7f2pk --binary SM100a
file_hex: 3e7202ff040000007700000000000000
[2026-01-20T03:49:46] nvdisasm-wrapper called with: /tmp/tmp5elxrt6r --binary SM100a
file_hex: 3e7202ff040000007b00000000000000
[2026-01-20T03:49:46] nvdisasm-wrapper called with: /tmp/tmpsc086lpy --binary SM100a
file_hex: 3e7202ff040000007d00000000000000
[2026-01-20T03:49:47] nvdisasm-wrapper called with: /tmp/tmp44zg7z1_ --binary SM100a
file_hex: 3e7202ff040000007e00000000000000
[2026-01-20T03:49:47] nvdisasm-wrapper called with: /tmp/tmpuobj76x6 --binary SM100a
file_hex: 3e7202ff000000007f00000000000000
[2026-01-20T03:49:47] nvdisasm-wrapper called with: /tmp/tmp2vecrdfy --binary SM100a
file_hex: 3e72027f040000007f00000000000000
[2026-01-20T03:49:48] nvdisasm-wrapper called with: /tmp/tmpixwa40m1 --binary SM100a
file_hex: 3e7202bf040000007f00000000000000
[2026-01-20T03:49:48] nvdisasm-wrapper called with: /tmp/tmp92mtb5i6 --binary SM100a
file_hex: 3e7202df040000007f00000000000000
[2026-01-20T03:49:48] nvdisasm-wrapper called with: /tmp/tmp3o9fnbxf --binary SM100a
file_hex: 3e7202ef040000007f00000000000000
[2026-01-20T03:49:49] nvdisasm-wrapper called with: /tmp/tmpmco1pyd1 --binary SM100a
file_hex: 3e7202f7040000007f00000000000000
[2026-01-20T03:49:49] nvdisasm-wrapper called with: /tmp/tmpa3a8utyk --binary SM100a
file_hex: 3e7202fb040000007f00000000000000
[2026-01-20T03:49:49] nvdisasm-wrapper called with: /tmp/tmpd3jgfu0q --binary SM100a
file_hex: 3e7202fd040000007f00000000000000
[2026-01-20T03:49:49] nvdisasm-wrapper called with: /tmp/tmpyo6su2h6 --binary SM100a
file_hex: 3e7202fe040000007f00000000000000
[2026-01-20T03:49:50] nvdisasm-wrapper called with: /tmp/tmpu0fx40rv --binary SM100a
file_hex: 3e7200ff040000007f00000000000000
[2026-01-20T03:49:50] nvdisasm-wrapper called with: /tmp/tmpg4uf2fkq --binary SM100a
file_hex: 3e3202ff040000007f00000000000000
[2026-01-20T03:49:50] nvdisasm-wrapper called with: /tmp/tmpbndsj897 --binary SM100a
file_hex: 3e5202ff040000007f00000000000000
[2026-01-20T03:49:51] nvdisasm-wrapper called with: /tmp/tmp5ocj_osx --binary SM100a
file_hex: 3e6202ff040000007f00000000000000
[2026-01-20T03:49:51] nvdisasm-wrapper called with: /tmp/tmpck0qi_9w --binary SM100a
file_hex: 3e7002ff040000007f00000000000000
[2026-01-20T03:49:51] nvdisasm-wrapper called with: /tmp/tmp5a6pcvnt --binary SM100a
file_hex: 1e7202ff040000007f00000000000000
[2026-01-20T03:49:52] nvdisasm-wrapper called with: /tmp/tmp7wl3zxlx --binary SM100a
file_hex: 2e7202ff040000007f00000000000000
[2026-01-20T03:49:52] nvdisasm-wrapper called with: /tmp/tmp8gwwse3l --binary SM100a
file_hex: 367202ff040000007f00000000000000
[2026-01-20T03:49:52] nvdisasm-wrapper called with: /tmp/tmpahfvix6t --binary SM100a
file_hex: 3a7202ff040000007f00000000000000
[2026-01-20T03:49:53] nvdisasm-wrapper called with: /tmp/tmppucy40r3 --binary SM100a
file_hex: 3c7202ff040000007f00000000000000
[2026-01-20T03:49:53] nvdisasm-wrapper called with: /tmp/tmpgsqjzyd7 --binary SM100a
[2026-01-20T03:49:53] nvdisasm-wrapper called with: /tmp/tmpc7031_fo --binary SM100a
file_hex: 3f7202ff040000007f00000000000000
[2026-01-20T03:49:53] nvdisasm-wrapper called with: /tmp/tmp21xxjxc0 --binary SM100a
file_hex: be7202ff040000007f00000000000000
[2026-01-20T03:49:53] nvdisasm-wrapper called with: /tmp/tmpk7vq5dfw --binary SM100a
[2026-01-20T03:49:53] nvdisasm-wrapper called with: /tmp/tmpclekgfpl --binary SM100a
[2026-01-20T03:49:53] nvdisasm-wrapper called with: /tmp/tmpx5ks3oye --binary SM100a
file_hex: 7e7202ff040000007f00000000000000
file_hex: 3e7302ff040000007f00000000000000
file_hex: 3e7a02ff040000007f00000000000000
[2026-01-20T03:49:53] nvdisasm-wrapper called with: /tmp/tmp1deo0xxr --binary SM100a
[2026-01-20T03:49:53] nvdisasm-wrapper called with: /tmp/tmp_g7rk834 --binary SM100a
file_hex: 3e7602ff040000007f00000000000000
[2026-01-20T03:49:53] nvdisasm-wrapper called with: /tmp/tmpiroc528f --binary SM100a
file_hex: 3e7206ff040000007f00000000000000
[2026-01-20T03:49:53] nvdisasm-wrapper called with: /tmp/tmpk12u8s8v --binary SM100a
file_hex: 3ef202ff040000007f00000000000000
[2026-01-20T03:49:53] nvdisasm-wrapper called with: /tmp/tmpywo7l8_8 --binary SM100a
[2026-01-20T03:49:53] nvdisasm-wrapper called with: /tmp/tmpss_phykl --binary SM100a
file_hex: 3e7203ff040000007f00000000000000
[2026-01-20T03:49:53] nvdisasm-wrapper called with: /tmp/tmplatanl2p --binary SM100a
file_hex: 3e720aff040000007f00000000000000
[2026-01-20T03:49:53] nvdisasm-wrapper called with: /tmp/tmpqwhq1dar --binary SM100a
[2026-01-20T03:49:53] nvdisasm-wrapper called with: /tmp/tmp19wjkeoc --binary SM100a
file_hex: 3e7212ff040000007f00000000000000
file_hex: 3e7222ff040000007f00000000000000
file_hex: 3e7242ff040000007f00000000000000
[2026-01-20T03:49:53] nvdisasm-wrapper called with: /tmp/tmp1gxcf88t --binary SM100a
[2026-01-20T03:49:53] nvdisasm-wrapper called with: /tmp/tmpbs0mn2d0 --binary SM100a
file_hex: 3e7282ff040000007f00000000000000
[2026-01-20T03:49:53] nvdisasm-wrapper called with: /tmp/tmpgejnwxem --binary SM100a
file_hex: 3e7202ff050000007f00000000000000
file_hex: 3e7202ff060000007f00000000000000
[2026-01-20T03:49:53] nvdisasm-wrapper called with: /tmp/tmpsxfb6mqi --binary SM100a
[2026-01-20T03:49:53] nvdisasm-wrapper called with: /tmp/tmpjb5626pq --binary SM100a
file_hex: 3e7202ff0c0000007f00000000000000
file_hex: 3e7202ff140000007f00000000000000
[2026-01-20T03:49:53] nvdisasm-wrapper called with: /tmp/tmpt9x5ztf2 --binary SM100a
[2026-01-20T03:49:53] nvdisasm-wrapper called with: /tmp/tmp10r5d4kh --binary SM100a
[2026-01-20T03:49:53] nvdisasm-wrapper called with: /tmp/tmpiiidhann --binary SM100a
file_hex: 3e7202ff240000007f00000000000000
file_hex: 3e7202ff440000007f00000000000000
file_hex: 3e7202ff040100007f00000000000000
[2026-01-20T03:49:53] nvdisasm-wrapper called with: /tmp/tmp7f40az9m --binary SM100a
[2026-01-20T03:49:53] nvdisasm-wrapper called with: /tmp/tmpms_tmrgq --binary SM100a
[2026-01-20T03:49:53] nvdisasm-wrapper called with: /tmp/tmp42qg86fw --binary SM100a
file_hex: 3e7202ff840000007f00000000000000
file_hex: 3e7202ff040200007f00000000000000
[2026-01-20T03:49:53] nvdisasm-wrapper called with: /tmp/tmpql0f79ea --binary SM100a
[2026-01-20T03:49:53] nvdisasm-wrapper called with: /tmp/tmphtcgohdq --binary SM100a
file_hex: 3e7202ff040400007f00000000000000
file_hex: 3e7202ff040800007f00000000000000
file_hex: 3e7202ff041000007f00000000000000
file_hex: 3e7202ff044000007f00000000000000
file_hex: 3e7202ff042000007f00000000000000
[2026-01-20T03:49:53] nvdisasm-wrapper called with: /tmp/tmpcp4g7ve9 --binary SM100a
[2026-01-20T03:49:53] nvdisasm-wrapper called with: /tmp/tmpzxgn_l0_ --binary SM100a
[2026-01-20T03:49:53] nvdisasm-wrapper called with: /tmp/tmphhgn31lx --binary SM100a
[2026-01-20T03:49:53] nvdisasm-wrapper called with: /tmp/tmp9uv096wd --binary SM100a
[2026-01-20T03:49:53] nvdisasm-wrapper called with: /tmp/tmpd4ontt3f --binary SM100a
[2026-01-20T03:49:53] nvdisasm-wrapper called with: /tmp/tmptam4bk1z --binary SM100a
file_hex: 3e7202ff048000007f00000000000000
file_hex: 3e7202ff040001007f00000000000000
file_hex: 3e7202ff040002007f00000000000000
[2026-01-20T03:49:53] nvdisasm-wrapper called with: /tmp/tmpkrdzzxsm --binary SM100a
file_hex: 3e7202ff040004007f00000000000000
[2026-01-20T03:49:53] nvdisasm-wrapper called with: /tmp/tmp8jyijmas --binary SM100a
file_hex: 3e7202ff040008007f00000000000000
file_hex: 3e7202ff040010007f00000000000000
[2026-01-20T03:49:53] nvdisasm-wrapper called with: /tmp/tmptz5vrlfh --binary SM100a
file_hex: 3e7202ff040020007f00000000000000
[2026-01-20T03:49:53] nvdisasm-wrapper called with: /tmp/tmphr9risdr --binary SM100a
[2026-01-20T03:49:53] nvdisasm-wrapper called with: /tmp/tmpsh3_75jj --binary SM100a
file_hex: 3e7202ff040040007f00000000000000
[2026-01-20T03:49:53] nvdisasm-wrapper called with: /tmp/tmprb0dy8ym --binary SM100a
file_hex: 3e7202ff040000017f00000000000000
[2026-01-20T03:49:53] nvdisasm-wrapper called with: /tmp/tmp566nqzch --binary SM100a
[2026-01-20T03:49:53] nvdisasm-wrapper called with: /tmp/tmph10085l1 --binary SM100a
file_hex: 3e7202ff040000027f00000000000000
[2026-01-20T03:49:53] nvdisasm-wrapper called with: /tmp/tmp50hnomyy --binary SM100a
file_hex: 3e7202ff040080007f00000000000000
[2026-01-20T03:49:53] nvdisasm-wrapper called with: /tmp/tmpb_pgeu3g --binary SM100a
file_hex: 3e7202ff040000047f00000000000000
[2026-01-20T03:49:53] nvdisasm-wrapper called with: /tmp/tmpy8yejbmj --binary SM100a
file_hex: 3e7202ff040000087f00000000000000
file_hex: 3e7202ff040000107f00000000000000
file_hex: 3e7202ff040000207f00000000000000
[2026-01-20T03:49:53] nvdisasm-wrapper called with: /tmp/tmpnp4xzi22 --binary SM100a
[2026-01-20T03:49:53] nvdisasm-wrapper called with: /tmp/tmprbgxn6_2 --binary SM100a
file_hex: 3e7202ff040000407f00000000000000
file_hex: 3e7202ff040000807f00000000000000
[2026-01-20T03:49:53] nvdisasm-wrapper called with: /tmp/tmpntbkxmpb --binary SM100a
[2026-01-20T03:49:53] nvdisasm-wrapper called with: /tmp/tmp49p2n5gu --binary SM100a
[2026-01-20T03:49:53] nvdisasm-wrapper called with: /tmp/tmpltx_rbso --binary SM100a
file_hex: 3e7202ff040000007f01000000000000
[2026-01-20T03:49:53] nvdisasm-wrapper called with: /tmp/tmpbllhdams --binary SM100a
[2026-01-20T03:49:53] nvdisasm-wrapper called with: /tmp/tmp7yi7nu40 --binary SM100a
file_hex: 3e7202ff040000007f04000000000000
file_hex: 3e7202ff040000007f02000000000000
file_hex: 3e7202ff040000007f10000000000000
file_hex: 3e7202ff040000007f08000000000000
[2026-01-20T03:49:53] nvdisasm-wrapper called with: /tmp/tmpz3erwy5y --binary SM100a
[2026-01-20T03:49:53] nvdisasm-wrapper called with: /tmp/tmp3hjbawp9 --binary SM100a
file_hex: 3e7202ff040000007f20000000000000
file_hex: 3e7202ff040000007f40000000000000
[2026-01-20T03:49:53] nvdisasm-wrapper called with: /tmp/tmpvd8wnvs1 --binary SM100a
[2026-01-20T03:49:53] nvdisasm-wrapper called with: /tmp/tmp_9yvbgy9 --binary SM100a
file_hex: 3e7202ff040000007f80000000000000
file_hex: 3e7202ff040000007f00010000000000
file_hex: 3e7202ff040000007f00020000000000
file_hex: 3e7202ff040000007f00040000000000
[2026-01-20T03:49:54] nvdisasm-wrapper called with: /tmp/tmp3yvbt7vi --binary SM100a
[2026-01-20T03:49:54] nvdisasm-wrapper called with: /tmp/tmp8ayi3tb1 --binary SM100a
[2026-01-20T03:49:54] nvdisasm-wrapper called with: /tmp/tmp6r0pbeqp --binary SM100a
[2026-01-20T03:49:54] nvdisasm-wrapper called with: /tmp/tmpzhw_y9ho --binary SM100a
[2026-01-20T03:49:54] nvdisasm-wrapper called with: /tmp/tmpveaar14q --binary SM100a
[2026-01-20T03:49:54] nvdisasm-wrapper called with: /tmp/tmp2xhzh775 --binary SM100a
[2026-01-20T03:49:54] nvdisasm-wrapper called with: /tmp/tmprxx2pqdl --binary SM100a
file_hex: 3e7202ff040000007f00080000000000
[2026-01-20T03:49:54] nvdisasm-wrapper called with: /tmp/tmpt14praul --binary SM100a
file_hex: 3e7202ff040000007f00400000000000
[2026-01-20T03:49:54] nvdisasm-wrapper called with: /tmp/tmpjtxa11zb --binary SM100a
file_hex: 3e7202ff040000007f00100000000000
file_hex: 3e7202ff040000007f00000100000000
file_hex: 3e7202ff040000007f00800000000000
file_hex: 3e7202ff040000007f00200000000000
[2026-01-20T03:49:54] nvdisasm-wrapper called with: /tmp/tmpcajtrwe3 --binary SM100a
file_hex: 3e7202ff040000007f00000200000000
file_hex: 3e7202ff040000007f00000800000000
[2026-01-20T03:49:54] nvdisasm-wrapper called with: /tmp/tmpnpd1kj_1 --binary SM100a
[2026-01-20T03:49:54] nvdisasm-wrapper called with: /tmp/tmp7g5wc93y --binary SM100a
file_hex: 3e7202ff040000007f00000400000000
[2026-01-20T03:49:54] nvdisasm-wrapper called with: /tmp/tmpgcruuxbp --binary SM100a
file_hex: 3e7202ff040000007f00001000000000
[2026-01-20T03:49:54] nvdisasm-wrapper called with: /tmp/tmphvshvl34 --binary SM100a
[2026-01-20T03:49:54] nvdisasm-wrapper called with: /tmp/tmplbb_tb3w --binary SM100a
file_hex: 3e7202ff040000007f00002000000000
file_hex: 3e7202ff040000007f00004000000000
[2026-01-20T03:49:54] nvdisasm-wrapper called with: /tmp/tmpyvl9qouq --binary SM100a
file_hex: 3e7202ff040000007f00008000000000
[2026-01-20T03:49:54] nvdisasm-wrapper called with: /tmp/tmp_y2aw59t --binary SM100a
[2026-01-20T03:49:54] nvdisasm-wrapper called with: /tmp/tmpdpb72n19 --binary SM100a
file_hex: 3e7202ff040000007f00000001000000
file_hex: 3e7202ff040000007f00000002000000
[2026-01-20T03:49:54] nvdisasm-wrapper called with: /tmp/tmp7_14n7s2 --binary SM100a
file_hex: 3e7202ff040000007f00000004000000
[2026-01-20T03:49:54] nvdisasm-wrapper called with: /tmp/tmpcpjtegbf --binary SM100a
[2026-01-20T03:49:54] nvdisasm-wrapper called with: /tmp/tmpx1r6zcqg --binary SM100a
file_hex: 3e7202ff040000007f00000010000000
file_hex: 3e7202ff040000007f00000008000000
[2026-01-20T03:49:54] nvdisasm-wrapper called with: /tmp/tmp8eytdl0p --binary SM100a
file_hex: 3e7202ff040000007f00000020000000
[2026-01-20T03:49:54] nvdisasm-wrapper called with: /tmp/tmpikth76m9 --binary SM100a
file_hex: 3e7202ff040000007f00000040000000
file_hex: 3e7202ff040000007f00000080000000
[2026-01-20T03:49:54] nvdisasm-wrapper called with: /tmp/tmp6yfg22ca --binary SM100a
file_hex: 3e7202ff040000007f00000000010000
[2026-01-20T03:49:54] nvdisasm-wrapper called with: /tmp/tmpccudb_zx --binary SM100a
file_hex: 3e7202ff040000007f00000000020000
[2026-01-20T03:49:54] nvdisasm-wrapper called with: /tmp/tmpkmltp8ag --binary SM100a
[2026-01-20T03:49:54] nvdisasm-wrapper called with: /tmp/tmprj8ce0nl --binary SM100a
file_hex: 3e7202ff040000007f00000000080000
[2026-01-20T03:49:54] nvdisasm-wrapper called with: /tmp/tmp68njts_8 --binary SM100a
file_hex: 3e7202ff040000007f00000000100000
file_hex: 3e7202ff040000007f00000000200000
file_hex: 3e7202ff040000007f00000000400000
file_hex: 3e7202ff040000007f00000000800000
[2026-01-20T03:49:54] nvdisasm-wrapper called with: /tmp/tmpgc3ro8co --binary SM100a
[2026-01-20T03:49:54] nvdisasm-wrapper called with: /tmp/tmpeys07j9_ --binary SM100a
[2026-01-20T03:49:54] nvdisasm-wrapper called with: /tmp/tmpuimuk3na --binary SM100a
[2026-01-20T03:49:54] nvdisasm-wrapper called with: /tmp/tmphw9yu636 --binary SM100a
file_hex: 3e7202ff040000007f00000000000100
file_hex: 3e7202ff040000007f00000000000400
[2026-01-20T03:49:54] nvdisasm-wrapper called with: /tmp/tmpwcimxt_k --binary SM100a
file_hex: 3e7202ff040000007f00000000000200
[2026-01-20T03:49:54] nvdisasm-wrapper called with: /tmp/tmpqwy3mx5u --binary SM100a
[2026-01-20T03:49:54] nvdisasm-wrapper called with: /tmp/tmprlbolovz --binary SM100a
file_hex: 3e7202ff040000007f00000000001000
file_hex: 3e7202ff040000007f00000000000800
[2026-01-20T03:49:54] nvdisasm-wrapper called with: /tmp/tmpy_t0xca5 --binary SM100a
file_hex: 3e7202ff040000007f00000000002000
[2026-01-20T03:49:54] nvdisasm-wrapper called with: /tmp/tmprpciu58k --binary SM100a
file_hex: 3e7202ff040000007f00000000004000
[2026-01-20T03:49:54] nvdisasm-wrapper called with: /tmp/tmpbo77f5oh --binary SM100a
[2026-01-20T03:49:54] nvdisasm-wrapper called with: /tmp/tmp1lghgbsd --binary SM100a
[2026-01-20T03:49:54] nvdisasm-wrapper called with: /tmp/tmpaavocf_o --binary SM100a
[2026-01-20T03:49:54] nvdisasm-wrapper called with: /tmp/tmp1n_lg5uu --binary SM100a
file_hex: 3e7202ff040000007f00000000000001
file_hex: 3e7202ff040000007f00000000008000
[2026-01-20T03:49:54] nvdisasm-wrapper called with: /tmp/tmpck05k6ff --binary SM100a
[2026-01-20T03:49:54] nvdisasm-wrapper called with: /tmp/tmpqbzq3mzg --binary SM100a
file_hex: 3e7202ff040000007f00000000000004
file_hex: 3e7202ff040000007f00000000000008
file_hex: 3e7202ff040000007f00000000000010
file_hex: 3e7202ff040000007f00000000000002
file_hex: 3e7202ff040000007f00000000000020
file_hex: 3e7202ff040000007f00000000000040
[2026-01-20T03:49:54] nvdisasm-wrapper called with: /tmp/tmp6gxajfel --binary SM100a
file_hex: 3e7202ff040000007f00000000000080
[2026-01-20T03:49:55] nvdisasm-wrapper called with: /tmp/tmpcbuigxpb --print-life-ranges
file_hex: 7f454c46020101330700000000000000
[2026-01-20T03:49:55] nvdisasm-wrapper called with: /tmp/tmp92f4iflv --binary SM100a
file_hex: 3e7214ff100000003f04000200000000
[2026-01-20T03:49:56] nvdisasm-wrapper called with: /tmp/tmp83qhzt0k --binary SM100a
file_hex: 3e7214ff100000005f04000200000000
[2026-01-20T03:49:56] nvdisasm-wrapper called with: /tmp/tmpi5ua4723 --binary SM100a
file_hex: 3e7214ff100000006f04000200000000
[2026-01-20T03:49:56] nvdisasm-wrapper called with: /tmp/tmpyf_2mzf9 --binary SM100a
file_hex: 3e7214ff100000007704000200000000
[2026-01-20T03:49:57] nvdisasm-wrapper called with: /tmp/tmp6cbdqr_3 --binary SM100a
file_hex: 3e7214ff100000007b04000200000000
[2026-01-20T03:49:57] nvdisasm-wrapper called with: /tmp/tmpan676hyu --binary SM100a
file_hex: 3e7214ff100000007d04000200000000
[2026-01-20T03:49:57] nvdisasm-wrapper called with: /tmp/tmpmzu8pr2a --binary SM100a
file_hex: 3e7214ff100000007e04000200000000
[2026-01-20T03:49:58] nvdisasm-wrapper called with: /tmp/tmpqzj4z7od --binary SM100a
file_hex: 3e7214ff000000007f04000200000000
[2026-01-20T03:49:58] nvdisasm-wrapper called with: /tmp/tmpht76nygq --binary SM100a
file_hex: 3e72147f100000007f04000200000000
[2026-01-20T03:49:58] nvdisasm-wrapper called with: /tmp/tmp1hdg6qov --binary SM100a
file_hex: 3e7214bf100000007f04000200000000
[2026-01-20T03:49:59] nvdisasm-wrapper called with: /tmp/tmp6fo0j8n_ --binary SM100a
file_hex: 3e7214df100000007f04000200000000
[2026-01-20T03:49:59] nvdisasm-wrapper called with: /tmp/tmpsf__oc2x --binary SM100a
file_hex: 3e7214ef100000007f04000200000000
[2026-01-20T03:49:59] nvdisasm-wrapper called with: /tmp/tmpn1m_cc9i --binary SM100a
file_hex: 3e7214f7100000007f04000200000000
[2026-01-20T03:49:59] nvdisasm-wrapper called with: /tmp/tmp1cik_eke --binary SM100a
file_hex: 3e7214fb100000007f04000200000000
[2026-01-20T03:50:00] nvdisasm-wrapper called with: /tmp/tmpargyorec --binary SM100a
file_hex: 3e7214fd100000007f04000200000000
[2026-01-20T03:50:00] nvdisasm-wrapper called with: /tmp/tmplfbz_j_f --binary SM100a
file_hex: 3e7214fe100000007f04000200000000
[2026-01-20T03:50:00] nvdisasm-wrapper called with: /tmp/tmpprg5r0n4 --binary SM100a
file_hex: 3e7204ff100000007f04000200000000
[2026-01-20T03:50:01] nvdisasm-wrapper called with: /tmp/tmp5e04rbo0 --binary SM100a
file_hex: 3e3210ff100000007f04000200000000
[2026-01-20T03:50:01] nvdisasm-wrapper called with: /tmp/tmpgg08al13 --binary SM100a
file_hex: 3e5210ff100000007f04000200000000
[2026-01-20T03:50:01] nvdisasm-wrapper called with: /tmp/tmpcoad8pta --binary SM100a
file_hex: 3e6210ff100000007f04000200000000
[2026-01-20T03:50:02] nvdisasm-wrapper called with: /tmp/tmpng0iixen --binary SM100a
file_hex: 3e7010ff100000007f04000200000000
[2026-01-20T03:50:02] nvdisasm-wrapper called with: /tmp/tmpfnqlwb5m --binary SM100a
file_hex: 1e7210ff100000007f04000200000000
[2026-01-20T03:50:02] nvdisasm-wrapper called with: /tmp/tmpouic0sld --binary SM100a
file_hex: 2e7210ff100000007f04000200000000
[2026-01-20T03:50:03] nvdisasm-wrapper called with: /tmp/tmpy8w0e79n --binary SM100a
file_hex: 367210ff100000007f04000200000000
[2026-01-20T03:50:03] nvdisasm-wrapper called with: /tmp/tmp1_7d479t --binary SM100a
file_hex: 3a7210ff100000007f04000200000000
[2026-01-20T03:50:03] nvdisasm-wrapper called with: /tmp/tmp2mc5iedw --binary SM100a
file_hex: 3c7210ff100000007f04000200000000
[2026-01-20T03:50:04] nvdisasm-wrapper called with: /tmp/tmp1oyztkrf --binary SM100a
[2026-01-20T03:50:04] nvdisasm-wrapper called with: /tmp/tmp95knnoad --binary SM100a
[2026-01-20T03:50:04] nvdisasm-wrapper called with: /tmp/tmpef1mg1ol --binary SM100a
[2026-01-20T03:50:04] nvdisasm-wrapper called with: /tmp/tmp5teisod8 --binary SM100a
[2026-01-20T03:50:04] nvdisasm-wrapper called with: /tmp/tmpsvn_6y_u --binary SM100a
file_hex: 3f7210ff100000007f04000200000000
file_hex: 7e7210ff100000007f04000200000000
file_hex: 3e7310ff100000007f04000200000000
file_hex: be7210ff100000007f04000200000000
[2026-01-20T03:50:04] nvdisasm-wrapper called with: /tmp/tmpy9rvr801 --binary SM100a
[2026-01-20T03:50:04] nvdisasm-wrapper called with: /tmp/tmpejgwr2v8 --binary SM100a
[2026-01-20T03:50:04] nvdisasm-wrapper called with: /tmp/tmp2qqcb92u --binary SM100a
[2026-01-20T03:50:04] nvdisasm-wrapper called with: /tmp/tmpavozxy7_ --binary SM100a
file_hex: 3e7610ff100000007f04000200000000
[2026-01-20T03:50:04] nvdisasm-wrapper called with: /tmp/tmp040zr50e --binary SM100a
file_hex: 3ef210ff100000007f04000200000000
file_hex: 3e7a10ff100000007f04000200000000
file_hex: 3e7211ff100000007f04000200000000
[2026-01-20T03:50:04] nvdisasm-wrapper called with: /tmp/tmpo0nou2nt --binary SM100a
file_hex: 3e7212ff100000007f04000200000000
[2026-01-20T03:50:04] nvdisasm-wrapper called with: /tmp/tmpgu4cklim --binary SM100a
file_hex: 3e7200ff100000007f04000200000000
[2026-01-20T03:50:04] nvdisasm-wrapper called with: /tmp/tmpfioesz50 --binary SM100a
[2026-01-20T03:50:04] nvdisasm-wrapper called with: /tmp/tmp5r9qje26 --binary SM100a
[2026-01-20T03:50:04] nvdisasm-wrapper called with: /tmp/tmpf_aw9lhn --binary SM100a
file_hex: 3e7218ff100000007f04000200000000
[2026-01-20T03:50:04] nvdisasm-wrapper called with: /tmp/tmpd41z534a --binary SM100a
file_hex: 3e7230ff100000007f04000200000000
[2026-01-20T03:50:04] nvdisasm-wrapper called with: /tmp/tmpuzunjaqt --binary SM100a
file_hex: 3e7290ff100000007f04000200000000
file_hex: 3e7210fe100000007f04000200000000
file_hex: 3e7250ff100000007f04000200000000
[2026-01-20T03:50:04] nvdisasm-wrapper called with: /tmp/tmp4c06dx0q --binary SM100a
[2026-01-20T03:50:04] nvdisasm-wrapper called with: /tmp/tmpkil3f6wk --binary SM100a
file_hex: 3e7210fd100000007f04000200000000
[2026-01-20T03:50:04] nvdisasm-wrapper called with: /tmp/tmp3rvkeft4 --binary SM100a
file_hex: 3e7210fb100000007f04000200000000
[2026-01-20T03:50:04] nvdisasm-wrapper called with: /tmp/tmpi82r3ijb --binary SM100a
file_hex: 3e7210ef100000007f04000200000000
file_hex: 3e7210f7100000007f04000200000000
[2026-01-20T03:50:04] nvdisasm-wrapper called with: /tmp/tmpukoj9cs1 --binary SM100a
[2026-01-20T03:50:04] nvdisasm-wrapper called with: /tmp/tmp1r4xyhmk --binary SM100a
file_hex: 3e7210df100000007f04000200000000
[2026-01-20T03:50:04] nvdisasm-wrapper called with: /tmp/tmpbqbd22tj --binary SM100a
file_hex: 3e7210bf100000007f04000200000000
[2026-01-20T03:50:04] nvdisasm-wrapper called with: /tmp/tmpgx7lep9s --binary SM100a
[2026-01-20T03:50:04] nvdisasm-wrapper called with: /tmp/tmp3j235luc --binary SM100a
file_hex: 3e7210ff110000007f04000200000000
file_hex: 3e72107f100000007f04000200000000
[2026-01-20T03:50:04] nvdisasm-wrapper called with: /tmp/tmpchzl053p --binary SM100a
file_hex: 3e7210ff120000007f04000200000000
[2026-01-20T03:50:04] nvdisasm-wrapper called with: /tmp/tmp9auwxxf8 --binary SM100a
file_hex: 3e7210ff140000007f04000200000000
file_hex: 3e7210ff180000007f04000200000000
file_hex: 3e7210ff000000007f04000200000000
file_hex: 3e7210ff300000007f04000200000000
[2026-01-20T03:50:04] nvdisasm-wrapper called with: /tmp/tmp74ctkkj3 --binary SM100a
[2026-01-20T03:50:04] nvdisasm-wrapper called with: /tmp/tmpymiq7fv2 --binary SM100a
[2026-01-20T03:50:04] nvdisasm-wrapper called with: /tmp/tmplmy6k7f6 --binary SM100a
file_hex: 3e7210ff500000007f04000200000000
[2026-01-20T03:50:04] nvdisasm-wrapper called with: /tmp/tmpvdajub9m --binary SM100a
[2026-01-20T03:50:04] nvdisasm-wrapper called with: /tmp/tmpwhwr7l5s --binary SM100a
[2026-01-20T03:50:04] nvdisasm-wrapper called with: /tmp/tmp9w1b2ovh --binary SM100a
file_hex: 3e7210ff900000007f04000200000000
file_hex: 3e7210ff100200007f04000200000000
[2026-01-20T03:50:04] nvdisasm-wrapper called with: /tmp/tmpkpeo0hvi --binary SM100a
[2026-01-20T03:50:04] nvdisasm-wrapper called with: /tmp/tmp2xkwen7h --binary SM100a
file_hex: 3e7210ff100400007f04000200000000
[2026-01-20T03:50:04] nvdisasm-wrapper called with: /tmp/tmp9tl9jn1z --binary SM100a
file_hex: 3e7210ff100800007f04000200000000
file_hex: 3e7210ff100100007f04000200000000
[2026-01-20T03:50:04] nvdisasm-wrapper called with: /tmp/tmpkk5v1f5p --binary SM100a
file_hex: 3e7210ff101000007f04000200000000
file_hex: 3e7210ff102000007f04000200000000
file_hex: 3e7210ff104000007f04000200000000
[2026-01-20T03:50:04] nvdisasm-wrapper called with: /tmp/tmpo4pjq_vq --binary SM100a
[2026-01-20T03:50:04] nvdisasm-wrapper called with: /tmp/tmpfzv3c539 --binary SM100a
[2026-01-20T03:50:04] nvdisasm-wrapper called with: /tmp/tmp3hxqk0dw --binary SM100a
[2026-01-20T03:50:04] nvdisasm-wrapper called with: /tmp/tmptnafjfqd --binary SM100a
[2026-01-20T03:50:04] nvdisasm-wrapper called with: /tmp/tmp7wo6j9wb --binary SM100a
file_hex: 3e7210ff108000007f04000200000000
file_hex: 3e7210ff100002007f04000200000000
[2026-01-20T03:50:04] nvdisasm-wrapper called with: /tmp/tmpbg597yws --binary SM100a
file_hex: 3e7210ff100001007f04000200000000
file_hex: 3e7210ff100004007f04000200000000
[2026-01-20T03:50:04] nvdisasm-wrapper called with: /tmp/tmp0_1qy2ir --binary SM100a
[2026-01-20T03:50:04] nvdisasm-wrapper called with: /tmp/tmp5abrj51i --binary SM100a
[2026-01-20T03:50:04] nvdisasm-wrapper called with: /tmp/tmpwa_kj0ea --binary SM100a
file_hex: 3e7210ff100008007f04000200000000
file_hex: 3e7210ff100010007f04000200000000
[2026-01-20T03:50:04] nvdisasm-wrapper called with: /tmp/tmpqtpap_21 --binary SM100a
file_hex: 3e7210ff100020007f04000200000000
file_hex: 3e7210ff100040007f04000200000000
file_hex: 3e7210ff100000017f04000200000000
[2026-01-20T03:50:04] nvdisasm-wrapper called with: /tmp/tmpen5kmlzu --binary SM100a
[2026-01-20T03:50:04] nvdisasm-wrapper called with: /tmp/tmp480837z_ --binary SM100a
file_hex: 3e7210ff100000027f04000200000000
file_hex: 3e7210ff100080007f04000200000000
[2026-01-20T03:50:04] nvdisasm-wrapper called with: /tmp/tmpvuj3fqb4 --binary SM100a
[2026-01-20T03:50:04] nvdisasm-wrapper called with: /tmp/tmpn4bg32d4 --binary SM100a
[2026-01-20T03:50:04] nvdisasm-wrapper called with: /tmp/tmpagymkotg --binary SM100a
file_hex: 3e7210ff100000087f04000200000000
[2026-01-20T03:50:04] nvdisasm-wrapper called with: /tmp/tmpyzyuaab4 --binary SM100a
file_hex: 3e7210ff100000047f04000200000000
file_hex: 3e7210ff100000107f04000200000000
[2026-01-20T03:50:04] nvdisasm-wrapper called with: /tmp/tmppyhgkxhi --binary SM100a
file_hex: 3e7210ff100000407f04000200000000
[2026-01-20T03:50:04] nvdisasm-wrapper called with: /tmp/tmpl1e34nv9 --binary SM100a
file_hex: 3e7210ff100000207f04000200000000
file_hex: 3e7210ff100000807f04000200000000
file_hex: 3e7210ff100000007e04000200000000
file_hex: 3e7210ff100000007d04000200000000
[2026-01-20T03:50:04] nvdisasm-wrapper called with: /tmp/tmpbhu1v4ke --binary SM100a
[2026-01-20T03:50:04] nvdisasm-wrapper called with: /tmp/tmpmvp7rz4q --binary SM100a
[2026-01-20T03:50:04] nvdisasm-wrapper called with: /tmp/tmpohtjhhpa --binary SM100a
[2026-01-20T03:50:04] nvdisasm-wrapper called with: /tmp/tmp_m7lwhm2 --binary SM100a
file_hex: 3e7210ff100000007b04000200000000
[2026-01-20T03:50:04] nvdisasm-wrapper called with: /tmp/tmplmlfvxem --binary SM100a
[2026-01-20T03:50:04] nvdisasm-wrapper called with: /tmp/tmpa5qvlzpj --binary SM100a
file_hex: 3e7210ff100000005f04000200000000
file_hex: 3e7210ff100000007704000200000000
[2026-01-20T03:50:04] nvdisasm-wrapper called with: /tmp/tmpels98d46 --binary SM100a
[2026-01-20T03:50:04] nvdisasm-wrapper called with: /tmp/tmpcex_yjfr --binary SM100a
file_hex: 3e7210ff100000003f04000200000000
[2026-01-20T03:50:04] nvdisasm-wrapper called with: /tmp/tmp7_fo8mxf --binary SM100a
[2026-01-20T03:50:04] nvdisasm-wrapper called with: /tmp/tmpg3boem64 --binary SM100a
file_hex: 3e7210ff100000006f04000200000000
file_hex: 3e7210ff100000007f06000200000000
[2026-01-20T03:50:04] nvdisasm-wrapper called with: /tmp/tmpmizntia4 --binary SM100a
file_hex: 3e7210ff100000007f00000200000000
file_hex: 3e7210ff100000007f05000200000000
file_hex: 3e7210ff100000007f14000200000000
file_hex: 3e7210ff100000007f0c000200000000
[2026-01-20T03:50:04] nvdisasm-wrapper called with: /tmp/tmp5ze64qch --binary SM100a
[2026-01-20T03:50:04] nvdisasm-wrapper called with: /tmp/tmp9z_lwe35 --binary SM100a
[2026-01-20T03:50:04] nvdisasm-wrapper called with: /tmp/tmp11xf7j6v --binary SM100a
file_hex: 3e7210ff100000007f24000200000000
[2026-01-20T03:50:04] nvdisasm-wrapper called with: /tmp/tmpmxyi9_j2 --binary SM100a
[2026-01-20T03:50:04] nvdisasm-wrapper called with: /tmp/tmpmar4a68r --binary SM100a
[2026-01-20T03:50:04] nvdisasm-wrapper called with: /tmp/tmpcno1uady --binary SM100a
[2026-01-20T03:50:04] nvdisasm-wrapper called with: /tmp/tmpss8kb_ah --binary SM100a
[2026-01-20T03:50:04] nvdisasm-wrapper called with: /tmp/tmp823_43b8 --binary SM100a
file_hex: 3e7210ff100000007f04020200000000
file_hex: 3e7210ff100000007f04010200000000
[2026-01-20T03:50:04] nvdisasm-wrapper called with: /tmp/tmpth8ll1hn --binary SM100a
file_hex: 3e7210ff100000007f44000200000000
file_hex: 3e7210ff100000007f04080200000000
file_hex: 3e7210ff100000007f04040200000000
file_hex: 3e7210ff100000007f84000200000000
file_hex: 3e7210ff100000007f04100200000000
[2026-01-20T03:50:04] nvdisasm-wrapper called with: /tmp/tmp5ah7vzxr --binary SM100a
[2026-01-20T03:50:04] nvdisasm-wrapper called with: /tmp/tmpyky6r2qq --binary SM100a
file_hex: 3e7210ff100000007f04400200000000
file_hex: 3e7210ff100000007f04200200000000
[2026-01-20T03:50:04] nvdisasm-wrapper called with: /tmp/tmpqj0cq2rw --binary SM100a
[2026-01-20T03:50:04] nvdisasm-wrapper called with: /tmp/tmphd4caokn --binary SM100a
file_hex: 3e7210ff100000007f04800200000000
[2026-01-20T03:50:04] nvdisasm-wrapper called with: /tmp/tmpfxpzkmnb --binary SM100a
[2026-01-20T03:50:04] nvdisasm-wrapper called with: /tmp/tmpoe7n_avf --binary SM100a
file_hex: 3e7210ff100000007f04000000000000
[2026-01-20T03:50:04] nvdisasm-wrapper called with: /tmp/tmpfkff1kt2 --binary SM100a
file_hex: 3e7210ff100000007f04000a00000000
[2026-01-20T03:50:04] nvdisasm-wrapper called with: /tmp/tmpucfe7t_x --binary SM100a
file_hex: 3e7210ff100000007f04001200000000
file_hex: 3e7210ff100000007f04000600000000
file_hex: 3e7210ff100000007f04002200000000
file_hex: 3e7210ff100000007f04004200000000
file_hex: 3e7210ff100000007f04008200000000
[2026-01-20T03:50:05] nvdisasm-wrapper called with: /tmp/tmpybzqno7i --binary SM100a
[2026-01-20T03:50:05] nvdisasm-wrapper called with: /tmp/tmp8rqj7n6x --binary SM100a
[2026-01-20T03:50:05] nvdisasm-wrapper called with: /tmp/tmpzw5g1brq --binary SM100a
[2026-01-20T03:50:05] nvdisasm-wrapper called with: /tmp/tmp6rufeh5n --binary SM100a
file_hex: 3e7210ff100000007f04000201000000
[2026-01-20T03:50:05] nvdisasm-wrapper called with: /tmp/tmpu9qmxtvu --binary SM100a
file_hex: 3e7210ff100000007f04000202000000
[2026-01-20T03:50:05] nvdisasm-wrapper called with: /tmp/tmpe12ts4tr --binary SM100a
file_hex: 3e7210ff100000007f04000204000000
file_hex: 3e7210ff100000007f04000208000000
file_hex: 3e7210ff100000007f04000210000000
[2026-01-20T03:50:05] nvdisasm-wrapper called with: /tmp/tmpdhk5q79i --binary SM100a
[2026-01-20T03:50:05] nvdisasm-wrapper called with: /tmp/tmpfsxd142u --binary SM100a
[2026-01-20T03:50:05] nvdisasm-wrapper called with: /tmp/tmpi4dxvtvj --binary SM100a
file_hex: 3e7210ff100000007f04000220000000
[2026-01-20T03:50:05] nvdisasm-wrapper called with: /tmp/tmpyfypfaw1 --binary SM100a
file_hex: 3e7210ff100000007f04000240000000
file_hex: 3e7210ff100000007f04000200010000
[2026-01-20T03:50:05] nvdisasm-wrapper called with: /tmp/tmpx7mewd6a --binary SM100a
file_hex: 3e7210ff100000007f04000280000000
file_hex: 3e7210ff100000007f04000200020000
[2026-01-20T03:50:05] nvdisasm-wrapper called with: /tmp/tmpy17_zp7u --binary SM100a
[2026-01-20T03:50:05] nvdisasm-wrapper called with: /tmp/tmpwrg4qieo --binary SM100a
[2026-01-20T03:50:05] nvdisasm-wrapper called with: /tmp/tmpywkxea6f --binary SM100a
[2026-01-20T03:50:05] nvdisasm-wrapper called with: /tmp/tmp2imowq8e --binary SM100a
file_hex: 3e7210ff100000007f04000200080000
[2026-01-20T03:50:05] nvdisasm-wrapper called with: /tmp/tmp3n60mbt8 --binary SM100a
[2026-01-20T03:50:05] nvdisasm-wrapper called with: /tmp/tmpsnhuo5dm --binary SM100a
file_hex: 3e7210ff100000007f04000200200000
file_hex: 3e7210ff100000007f04000200040000
[2026-01-20T03:50:05] nvdisasm-wrapper called with: /tmp/tmpiou91ww7 --binary SM100a
file_hex: 3e7210ff100000007f04000200100000
file_hex: 3e7210ff100000007f04000200400000
[2026-01-20T03:50:05] nvdisasm-wrapper called with: /tmp/tmppw06p3jb --binary SM100a
[2026-01-20T03:50:05] nvdisasm-wrapper called with: /tmp/tmpzu6hla3y --binary SM100a
file_hex: 3e7210ff100000007f04000200800000
file_hex: 3e7210ff100000007f04000200000100
file_hex: 3e7210ff100000007f04000200000200
[2026-01-20T03:50:05] nvdisasm-wrapper called with: /tmp/tmpdogo9x_4 --binary SM100a
file_hex: 3e7210ff100000007f04000200000800
[2026-01-20T03:50:05] nvdisasm-wrapper called with: /tmp/tmp5p3zujk_ --binary SM100a
file_hex: 3e7210ff100000007f04000200000400
[2026-01-20T03:50:05] nvdisasm-wrapper called with: /tmp/tmp9ukr6239 --binary SM100a
[2026-01-20T03:50:05] nvdisasm-wrapper called with: /tmp/tmpi8kv5ill --binary SM100a
[2026-01-20T03:50:05] nvdisasm-wrapper called with: /tmp/tmpm7ptic79 --binary SM100a
file_hex: 3e7210ff100000007f04000200001000
file_hex: 3e7210ff100000007f04000200002000
[2026-01-20T03:50:05] nvdisasm-wrapper called with: /tmp/tmp1y6paa91 --binary SM100a
file_hex: 3e7210ff100000007f04000200004000
file_hex: 3e7210ff100000007f04000200008000
file_hex: 3e7210ff100000007f04000200000001
[2026-01-20T03:50:05] nvdisasm-wrapper called with: /tmp/tmpdc8z6s0l --binary SM100a
[2026-01-20T03:50:05] nvdisasm-wrapper called with: /tmp/tmpot8a49ar --binary SM100a
file_hex: 3e7210ff100000007f04000200000002
file_hex: 3e7210ff100000007f04000200000004
file_hex: 3e7210ff100000007f04000200000008
[2026-01-20T03:50:05] nvdisasm-wrapper called with: /tmp/tmplvbimss8 --binary SM100a
[2026-01-20T03:50:05] nvdisasm-wrapper called with: /tmp/tmphjb2bs9f --binary SM100a
[2026-01-20T03:50:05] nvdisasm-wrapper called with: /tmp/tmpp1d3l2gm --binary SM100a
[2026-01-20T03:50:05] nvdisasm-wrapper called with: /tmp/tmpp76x623h --binary SM100a
file_hex: 3e7210ff100000007f04000200000010
file_hex: 3e7210ff100000007f04000200000040
file_hex: 3e7210ff100000007f04000200000020
file_hex: 3e7210ff100000007f04000200000080
[2026-01-20T03:50:05] nvdisasm-wrapper called with: /tmp/tmp0dnptakx --binary SM100a
file_hex: 3e7216ff100000007f04000200000000
[2026-01-20T03:50:06] nvdisasm-wrapper called with: /tmp/tmpb69b8o2o --binary SM100a
[2026-01-20T03:50:06] nvdisasm-wrapper called with: /tmp/tmpccd8qktb --binary SM100a
file_hex: 3e7210ff100000007f04800300000000
file_hex: 3e7210ff100000007f04000100000000
[2026-01-20T03:50:07] nvdisasm-wrapper called with: /tmp/tmpos0l0m_0 --binary SM100a
[2026-01-20T03:50:07] nvdisasm-wrapper called with: /tmp/tmp4iye5fuk --binary SM100a
file_hex: 3e7200ff000000007f060002001e0000
file_hex: 3e7200ff000000007f040002001e0000
[2026-01-20T03:50:07] nvdisasm-wrapper called with: /tmp/tmpbchsa2og --binary SM100a
file_hex: 3e7200ff000000007f0c0002001e0000
[2026-01-20T03:50:08] nvdisasm-wrapper called with: /tmp/tmpaw4pf0l3 --binary SM100a
file_hex: 3e7200ff000000007f040402001e0000
[2026-01-20T03:50:08] nvdisasm-wrapper called with: /tmp/tmp_s8aplxo --print-life-ranges
file_hex: 7f454c46020101330700000000000000
[2026-01-20T03:50:08] nvdisasm-wrapper called with: /tmp/tmphweki2io --print-life-ranges
file_hex: 7f454c46020101330700000000000000
[2026-01-20T03:50:08] nvdisasm-wrapper called with: /tmp/tmpmhclhssc --print-life-ranges
file_hex: 7f454c46020101330700000000000000
[2026-01-20T03:50:08] nvdisasm-wrapper called with: /tmp/tmpsn9h4hvx --print-life-ranges
file_hex: 7f454c46020101330700000000000000
[2026-01-20T03:50:08] nvdisasm-wrapper called with: /tmp/tmpad3e3xhp --print-life-ranges
file_hex: 7f454c46020101330700000000000000
[2026-01-20T03:50:08] nvdisasm-wrapper called with: /tmp/tmpx5qfytor --print-life-ranges
file_hex: 7f454c46020101330700000000000000
[2026-01-20T03:50:08] nvdisasm-wrapper called with: /tmp/tmpkumponle --print-life-ranges
file_hex: 7f454c46020101330700000000000000
[2026-01-20T03:50:08] nvdisasm-wrapper called with: /tmp/tmptuvzjg2z --print-life-ranges
file_hex: 7f454c46020101330700000000000000
[2026-01-20T03:50:08] nvdisasm-wrapper called with: /tmp/tmpl0et8x8v --print-life-ranges
file_hex: 7f454c46020101330700000000000000
[2026-01-20T03:50:08] nvdisasm-wrapper called with: /tmp/tmp4ruli_89 --print-life-ranges
file_hex: 7f454c46020101330700000000000000
[2026-01-20T03:50:08] nvdisasm-wrapper called with: /tmp/tmp8y433iw2 --print-life-ranges
file_hex: 7f454c46020101330700000000000000
[2026-01-20T03:50:08] nvdisasm-wrapper called with: /tmp/tmp9iijmj30 --print-life-ranges
file_hex: 7f454c46020101330700000000000000
[2026-01-20T03:50:08] nvdisasm-wrapper called with: /tmp/tmpm5f7n0a1 --print-life-ranges
file_hex: 7f454c46020101330700000000000000
[2026-01-20T03:50:09] nvdisasm-wrapper called with: /tmp/tmp9y1tvkpe --print-life-ranges
file_hex: 7f454c46020101330700000000000000
[2026-01-20T03:50:10] nvdisasm-wrapper called with: /tmp/tmp24ov19cf --print-life-ranges
file_hex: 7f454c46020101330700000000000000
[2026-01-20T03:50:11] nvdisasm-wrapper called with: /tmp/tmpmt779eim --print-life-ranges
file_hex: 7f454c46020101330700000000000000
[2026-01-20T03:50:12] nvdisasm-wrapper called with: /tmp/tmpzk1h124l --print-life-ranges
file_hex: 7f454c46020101330700000000000000
[2026-01-20T03:50:13] nvdisasm-wrapper called with: /tmp/tmprp18c39u --print-life-ranges
file_hex: 7f454c46020101330700000000000000
[2026-01-20T03:50:14] nvdisasm-wrapper called with: /tmp/tmp8j4z_h4n --print-life-ranges
file_hex: 7f454c46020101330700000000000000
[2026-01-20T03:50:15] nvdisasm-wrapper called with: /tmp/tmpl8y2x7rh --print-life-ranges
file_hex: 7f454c46020101330700000000000000
[2026-01-20T03:50:15] nvdisasm-wrapper called with: /tmp/tmphveh7hs2 --print-life-ranges
file_hex: 7f454c46020101330700000000000000
[2026-01-20T03:50:16] nvdisasm-wrapper called with: /tmp/tmplxyxn1cp --print-life-ranges
file_hex: 7f454c46020101330700000000000000
[2026-01-20T03:50:18] nvdisasm-wrapper called with: /tmp/tmpa0gg_igk --print-life-ranges
file_hex: 7f454c46020101330700000000000000
[2026-01-20T03:50:20] nvdisasm-wrapper called with: /tmp/tmp502nakqn --print-life-ranges
file_hex: 7f454c46020101330700000000000000
[2026-01-20T03:50:22] nvdisasm-wrapper called with: /tmp/tmp2o42crje --print-life-ranges
file_hex: 7f454c46020101330700000000000000
[2026-01-20T03:50:23] nvdisasm-wrapper called with: /tmp/tmpbr9k66tg --print-life-ranges
file_hex: 7f454c46020101330700000000000000
[2026-01-20T03:50:25] nvdisasm-wrapper called with: /tmp/tmp97vk5rq4 --print-life-ranges
file_hex: 7f454c46020101330700000000000000
[2026-01-20T03:50:26] nvdisasm-wrapper called with: /tmp/tmpfm3cj9en --print-life-ranges
file_hex: 7f454c46020101330700000000000000
